,xml,x,y,defocus,JPG,atlas_path,mic_path,scale,angle,offset_x,offset_y,score,model
0,/Volumes/OffloadData/Jakob/Get3/2025-10-02_Get3_-80_617_2/2025-10-02_Get3_-80_617_2/Images-Disc1/GridSquare_1840631/Data/FoilHole_1844348_Data_1843859_1843861_20251002_101642.xml,98.21064818790022,64.46491119684299,-2.4,/Volumes/OffloadData/Jakob/Get3/2025-10-02_Get3_-80_617_2/2025-10-02_Get3_-80_617_2/Images-Disc1/GridSquare_1840631/Data/FoilHole_1844348_Data_1843859_1843861_20251002_101642.mrc,Atlas_1.mrc,/Volumes/OffloadData/Jakob/Get3/2025-10-02_Get3_-80_617_2,910.0,84.5,1.23,0.0,,ResNet10_512_0.2_full.pth
1,/Volumes/OffloadData/Jakob/Get3/2025-10-02_Get3_-80_617_2/2025-10-02_Get3_-80_617_2/Images-Disc1/GridSquare_1840631/Data/FoilHole_1844348_Data_1843864_1843866_20251002_101654.xml,97.3285045317101,66.76216817915663,-2.4,/Volumes/OffloadData/Jakob/Get3/2025-10-02_Get3_-80_617_2/2025-10-02_Get3_-80_617_2/Images-Disc1/GridSquare_1840631/Data/FoilHole_1844348_Data_1843864_1843866_20251002_101654.mrc,Atlas_1.mrc,/Volumes/OffloadData/Jakob/Get3/2025-10-02_Get3_-80_617_2,910.0,84.5,1.23,0.0,0.37943774461746216,ResNet10_512_0.2_full.pth
2,/Volumes/OffloadData/Jakob/Get3/2025-10-02_Get3_-80_617_2/2025-10-02_Get3_-80_617_2/Images-Disc1/GridSquare_1840631/Data/FoilHole_1844348_Data_1843869_1843871_20251002_101706.xml,100.0167154601664,65.53510028026166,-2.4,/Volumes/OffloadData/Jakob/Get3/2025-10-02_Get3_-80_617_2/2025-10-02_Get3_-80_617_2/Images-Disc1/GridSquare_1840631/Data/FoilHole_1844348_Data_1843869_1843871_20251002_101706.mrc,Atlas_1.mrc,/Volumes/OffloadData/Jakob/Get3/2025-10-02_Get3_-80_617_2,910.0,84.5,1.23,0.0,0.08722467720508575,ResNet10_512_0.2_full.pth
3,/Volumes/OffloadData/Jakob/Get3/2025-10-02_Get3_-80_617_2/2025-10-02_Get3_-80_617_2/Images-Disc1/GridSquare_1840631/Data/FoilHole_1844352_Data_1843859_1843861_20251002_101836.xml,100.794064700725,57.71907104616027,-2.4,/Volumes/OffloadData/Jakob/Get3/2025-10-02_Get3_-80_617_2/2025-10-02_Get3_-80_617_2/Images-Disc1/GridSquare_1840631/Data/FoilHole_1844352_Data_1843859_1843861_20251002_101836.mrc,Atlas_1.mrc,/Volumes/OffloadData/Jakob/Get3/2025-10-02_Get3_-80_617_2,910.0,84.5,1.23,0.0,0.03989513963460922,ResNet10_512_0.2_full.pth
4,/Volumes/OffloadData/Jakob/Get3/2025-10-02_Get3_-80_617_2/2025-10-02_Get3_-80_617_2/Images-Disc1/GridSquare_1840631/Data/FoilHole_1844352_Data_1843864_1843866_20251002_101848.xml,100.50403537641503,59.312716024674614,-2.4,/Volumes/OffloadData/Jakob/Get3/2025-10-02_Get3_-80_617_2/2025-10-02_Get3_-80_617_2/Images-Disc1/GridSquare_1840631/Data/FoilHole_1844352_Data_1843864_1843866_20251002_101848.mrc,Atlas_1.mrc,/Volumes/OffloadData/Jakob/Get3/2025-10-02_Get3_-80_617_2,910.0,84.5,1.23,0.0,0.6411420702934265,ResNet10_512_0.2_full.pth
5,/Volumes/OffloadData/Jakob/Get3/2025-10-02_Get3_-80_617_2/2025-10-02_Get3_-80_617_2/Images-Disc1/GridSquare_1840631/Data/FoilHole_1844352_Data_1843869_1843871_20251002_101900.xml,102.69461393827712,58.15751519341894,-2.4,/Volumes/OffloadData/Jakob/Get3/2025-10-02_Get3_-80_617_2/2025-10-02_Get3_-80_617_2/Images-Disc1/GridSquare_1840631/Data/FoilHole_1844352_Data_1843869_1843871_20251002_101900.mrc,Atlas_1.mrc,/Volumes/OffloadData/Jakob/Get3/2025-10-02_Get3_-80_617_2,910.0,84.5,1.23,0.0,0.3581279516220093,ResNet10_512_0.2_full.pth
6,/Volumes/OffloadData/Jakob/Get3/2025-10-02_Get3_-80_617_2/2025-10-02_Get3_-80_617_2/Images-Disc1/GridSquare_1840631/Data/FoilHole_1844352_Data_1843873_1843875_20251002_101912.xml,101.5414564744339,55.75724976331131,-2.4,/Volumes/OffloadData/Jakob/Get3/2025-10-02_Get3_-80_617_2/2025-10-02_Get3_-80_617_2/Images-Disc1/GridSquare_1840631/Data/FoilHole_1844352_Data_1843873_1843875_20251002_101912.mrc,Atlas_1.mrc,/Volumes/OffloadData/Jakob/Get3/2025-10-02_Get3_-80_617_2,910.0,84.5,1.23,0.0,0.6778452396392822,ResNet10_512_0.2_full.pth
7,/Volumes/OffloadData/Jakob/Get3/2025-10-02_Get3_-80_617_2/2025-10-02_Get3_-80_617_2/Images-Disc1/GridSquare_1840631/Data/FoilHole_1844352_Data_1843878_1843880_20251002_101924.xml,99.3451240045141,56.97323730761158,-2.4,/Volumes/OffloadData/Jakob/Get3/2025-10-02_Get3_-80_617_2/2025-10-02_Get3_-80_617_2/Images-Disc1/GridSquare_1840631/Data/FoilHole_1844352_Data_1843878_1843880_20251002_101924.mrc,Atlas_1.mrc,/Volumes/OffloadData/Jakob/Get3/2025-10-02_Get3_-80_617_2,910.0,84.5,1.23,0.0,0.14827819168567657,ResNet10_512_0.2_full.pth
8,/Volumes/OffloadData/Jakob/Get3/2025-10-02_Get3_-80_617_2/2025-10-02_Get3_-80_617_2/Images-Disc1/GridSquare_1840631/Data/FoilHole_1844356_Data_1843859_1843861_20251002_102010.xml,103.61866179240599,50.6006569620388,-2.2,/Volumes/OffloadData/Jakob/Get3/2025-10-02_Get3_-80_617_2/2025-10-02_Get3_-80_617_2/Images-Disc1/GridSquare_1840631/Data/FoilHole_1844356_Data_1843859_1843861_20251002_102010.mrc,Atlas_1.mrc,/Volumes/OffloadData/Jakob/Get3/2025-10-02_Get3_-80_617_2,910.0,84.5,1.23,0.0,0.022316845133900642,ResNet10_512_0.2_full.pth
9,/Volumes/OffloadData/Jakob/Get3/2025-10-02_Get3_-80_617_2/2025-10-02_Get3_-80_617_2/Images-Disc1/GridSquare_1840631/Data/FoilHole_1844356_Data_1843864_1843866_20251002_102022.xml,103.32863246809605,52.19430194055314,-2.2,/Volumes/OffloadData/Jakob/Get3/2025-10-02_Get3_-80_617_2/2025-10-02_Get3_-80_617_2/Images-Disc1/GridSquare_1840631/Data/FoilHole_1844356_Data_1843864_1843866_20251002_102022.mrc,Atlas_1.mrc,/Volumes/OffloadData/Jakob/Get3/2025-10-02_Get3_-80_617_2,910.0,84.5,1.23,0.0,0.5954489707946777,ResNet10_512_0.2_full.pth
10,/Volumes/OffloadData/Jakob/Get3/2025-10-02_Get3_-80_617_2/2025-10-02_Get3_-80_617_2/Images-Disc1/GridSquare_1840631/Data/FoilHole_1844356_Data_1843869_1843871_20251002_102034.xml,105.51921098582218,51.039101076995735,-2.2,/Volumes/OffloadData/Jakob/Get3/2025-10-02_Get3_-80_617_2/2025-10-02_Get3_-80_617_2/Images-Disc1/GridSquare_1840631/Data/FoilHole_1844356_Data_1843869_1843871_20251002_102034.mrc,Atlas_1.mrc,/Volumes/OffloadData/Jakob/Get3/2025-10-02_Get3_-80_617_2,910.0,84.5,1.23,0.0,0.48517781496047974,ResNet10_512_0.2_full.pth
11,/Volumes/OffloadData/Jakob/Get3/2025-10-02_Get3_-80_617_2/2025-10-02_Get3_-80_617_2/Images-Disc1/GridSquare_1840631/Data/FoilHole_1844356_Data_1843873_1843875_20251002_102046.xml,104.36605355623848,48.6388356756924,-2.2,/Volumes/OffloadData/Jakob/Get3/2025-10-02_Get3_-80_617_2/2025-10-02_Get3_-80_617_2/Images-Disc1/GridSquare_1840631/Data/FoilHole_1844356_Data_1843873_1843875_20251002_102046.mrc,Atlas_1.mrc,/Volumes/OffloadData/Jakob/Get3/2025-10-02_Get3_-80_617_2,910.0,84.5,1.23,0.0,0.6883242726325989,ResNet10_512_0.2_full.pth
12,/Volumes/OffloadData/Jakob/Get3/2025-10-02_Get3_-80_617_2/2025-10-02_Get3_-80_617_2/Images-Disc1/GridSquare_1840631/Data/FoilHole_1844356_Data_1843878_1843880_20251002_102058.xml,102.16972105162198,49.854823192422934,-2.2,/Volumes/OffloadData/Jakob/Get3/2025-10-02_Get3_-80_617_2/2025-10-02_Get3_-80_617_2/Images-Disc1/GridSquare_1840631/Data/FoilHole_1844356_Data_1843878_1843880_20251002_102058.mrc,Atlas_1.mrc,/Volumes/OffloadData/Jakob/Get3/2025-10-02_Get3_-80_617_2,910.0,84.5,1.23,0.0,0.04467468336224556,ResNet10_512_0.2_full.pth
13,/Volumes/OffloadData/Jakob/Get3/2025-10-02_Get3_-80_617_2/2025-10-02_Get3_-80_617_2/Images-Disc1/GridSquare_1840631/Data/FoilHole_1844360_Data_1843859_1843861_20251002_102157.xml,106.43412224535992,43.51364438576465,-2.0,/Volumes/OffloadData/Jakob/Get3/2025-10-02_Get3_-80_617_2/2025-10-02_Get3_-80_617_2/Images-Disc1/GridSquare_1840631/Data/FoilHole_1844360_Data_1843859_1843861_20251002_102157.mrc,Atlas_1.mrc,/Volumes/OffloadData/Jakob/Get3/2025-10-02_Get3_-80_617_2,910.0,84.5,1.23,0.0,0.14053025841712952,ResNet10_512_0.2_full.pth
14,/Volumes/OffloadData/Jakob/Get3/2025-10-02_Get3_-80_617_2/2025-10-02_Get3_-80_617_2/Images-Disc1/GridSquare_1840631/Data/FoilHole_1844360_Data_1843864_1843866_20251002_102209.xml,106.14409288957317,45.1072894531667,-2.0,/Volumes/OffloadData/Jakob/Get3/2025-10-02_Get3_-80_617_2/2025-10-02_Get3_-80_617_2/Images-Disc1/GridSquare_1840631/Data/FoilHole_1844360_Data_1843864_1843866_20251002_102209.mrc,Atlas_1.mrc,/Volumes/OffloadData/Jakob/Get3/2025-10-02_Get3_-80_617_2,910.0,84.5,1.23,0.0,0.6754785180091858,ResNet10_512_0.2_full.pth
15,/Volumes/OffloadData/Jakob/Get3/2025-10-02_Get3_-80_617_2/2025-10-02_Get3_-80_617_2/Images-Disc1/GridSquare_1840631/Data/FoilHole_1844360_Data_1843869_1843871_20251002_102221.xml,108.33467149541151,43.95208852911342,-2.0,/Volumes/OffloadData/Jakob/Get3/2025-10-02_Get3_-80_617_2/2025-10-02_Get3_-80_617_2/Images-Disc1/GridSquare_1840631/Data/FoilHole_1844360_Data_1843869_1843871_20251002_102221.mrc,Atlas_1.mrc,/Volumes/OffloadData/Jakob/Get3/2025-10-02_Get3_-80_617_2,910.0,84.5,1.23,0.0,0.5368728637695312,ResNet10_512_0.2_full.pth
16,/Volumes/OffloadData/Jakob/Get3/2025-10-02_Get3_-80_617_2/2025-10-02_Get3_-80_617_2/Images-Disc1/GridSquare_1840631/Data/FoilHole_1844360_Data_1843873_1843875_20251002_102233.xml,107.18151403367436,41.55182303028336,-2.0,/Volumes/OffloadData/Jakob/Get3/2025-10-02_Get3_-80_617_2/2025-10-02_Get3_-80_617_2/Images-Disc1/GridSquare_1840631/Data/FoilHole_1844360_Data_1843873_1843875_20251002_102233.mrc,Atlas_1.mrc,/Volumes/OffloadData/Jakob/Get3/2025-10-02_Get3_-80_617_2,910.0,84.5,1.23,0.0,0.7505972981452942,ResNet10_512_0.2_full.pth
17,/Volumes/OffloadData/Jakob/Get3/2025-10-02_Get3_-80_617_2/2025-10-02_Get3_-80_617_2/Images-Disc1/GridSquare_1840631/Data/FoilHole_1844360_Data_1843878_1843880_20251002_102244.xml,104.98518156208567,42.76781064207151,-2.0,/Volumes/OffloadData/Jakob/Get3/2025-10-02_Get3_-80_617_2/2025-10-02_Get3_-80_617_2/Images-Disc1/GridSquare_1840631/Data/FoilHole_1844360_Data_1843878_1843880_20251002_102244.mrc,Atlas_1.mrc,/Volumes/OffloadData/Jakob/Get3/2025-10-02_Get3_-80_617_2,910.0,84.5,1.23,0.0,0.0275275781750679,ResNet10_512_0.2_full.pth
18,/Volumes/OffloadData/Jakob/Get3/2025-10-02_Get3_-80_617_2/2025-10-02_Get3_-80_617_2/Images-Disc1/GridSquare_1840631/Data/FoilHole_1844371_Data_1843859_1843861_20251002_102346.xml,89.99162711816065,50.64327015878283,-1.8,/Volumes/OffloadData/Jakob/Get3/2025-10-02_Get3_-80_617_2/2025-10-02_Get3_-80_617_2/Images-Disc1/GridSquare_1840631/Data/FoilHole_1844371_Data_1843859_1843861_20251002_102346.mrc,Atlas_1.mrc,/Volumes/OffloadData/Jakob/Get3/2025-10-02_Get3_-80_617_2,910.0,84.5,1.23,0.0,0.25783273577690125,ResNet10_512_0.2_full.pth
19,/Volumes/OffloadData/Jakob/Get3/2025-10-02_Get3_-80_617_2/2025-10-02_Get3_-80_617_2/Images-Disc1/GridSquare_1840631/Data/FoilHole_1844371_Data_1843864_1843866_20251002_102358.xml,89.7015978078404,52.236915097791524,-1.8,/Volumes/OffloadData/Jakob/Get3/2025-10-02_Get3_-80_617_2/2025-10-02_Get3_-80_617_2/Images-Disc1/GridSquare_1840631/Data/FoilHole_1844371_Data_1843864_1843866_20251002_102358.mrc,Atlas_1.mrc,/Volumes/OffloadData/Jakob/Get3/2025-10-02_Get3_-80_617_2,910.0,84.5,1.23,0.0,0.7245030403137207,ResNet10_512_0.2_full.pth
20,/Volumes/OffloadData/Jakob/Get3/2025-10-02_Get3_-80_617_2/2025-10-02_Get3_-80_617_2/Images-Disc1/GridSquare_1840631/Data/FoilHole_1844371_Data_1843869_1843871_20251002_102410.xml,91.89217642921943,51.08171431817794,-1.8,/Volumes/OffloadData/Jakob/Get3/2025-10-02_Get3_-80_617_2/2025-10-02_Get3_-80_617_2/Images-Disc1/GridSquare_1840631/Data/FoilHole_1844371_Data_1843869_1843871_20251002_102410.mrc,Atlas_1.mrc,/Volumes/OffloadData/Jakob/Get3/2025-10-02_Get3_-80_617_2,910.0,84.5,1.23,0.0,0.5090153813362122,ResNet10_512_0.2_full.pth
21,/Volumes/OffloadData/Jakob/Get3/2025-10-02_Get3_-80_617_2/2025-10-02_Get3_-80_617_2/Images-Disc1/GridSquare_1840631/Data/FoilHole_1844371_Data_1843873_1843875_20251002_102422.xml,90.73901889598284,48.68144883293079,-1.8,/Volumes/OffloadData/Jakob/Get3/2025-10-02_Get3_-80_617_2/2025-10-02_Get3_-80_617_2/Images-Disc1/GridSquare_1840631/Data/FoilHole_1844371_Data_1843873_1843875_20251002_102422.mrc,Atlas_1.mrc,/Volumes/OffloadData/Jakob/Get3/2025-10-02_Get3_-80_617_2,910.0,84.5,1.23,0.0,0.5228223204612732,ResNet10_512_0.2_full.pth
22,/Volumes/OffloadData/Jakob/Get3/2025-10-02_Get3_-80_617_2/2025-10-02_Get3_-80_617_2/Images-Disc1/GridSquare_1840631/Data/FoilHole_1844371_Data_1843878_1843880_20251002_102434.xml,88.542686337871,49.89743637517728,-1.8,/Volumes/OffloadData/Jakob/Get3/2025-10-02_Get3_-80_617_2/2025-10-02_Get3_-80_617_2/Images-Disc1/GridSquare_1840631/Data/FoilHole_1844371_Data_1843878_1843880_20251002_102434.mrc,Atlas_1.mrc,/Volumes/OffloadData/Jakob/Get3/2025-10-02_Get3_-80_617_2,910.0,84.5,1.23,0.0,0.5920370221138,ResNet10_512_0.2_full.pth
23,/Volumes/OffloadData/Jakob/Get3/2025-10-02_Get3_-80_617_2/2025-10-02_Get3_-80_617_2/Images-Disc1/GridSquare_1840631/Data/FoilHole_1844376_Data_1843859_1843861_20251002_102536.xml,113.4229262847223,60.113539840537214,-1.5999999999999999,/Volumes/OffloadData/Jakob/Get3/2025-10-02_Get3_-80_617_2/2025-10-02_Get3_-80_617_2/Images-Disc1/GridSquare_1840631/Data/FoilHole_1844376_Data_1843859_1843861_20251002_102536.mrc,Atlas_1.mrc,/Volumes/OffloadData/Jakob/Get3/2025-10-02_Get3_-80_617_2,910.0,84.5,1.23,0.0,0.16523677110671997,ResNet10_512_0.2_full.pth
24,/Volumes/OffloadData/Jakob/Get3/2025-10-02_Get3_-80_617_2/2025-10-02_Get3_-80_617_2/Images-Disc1/GridSquare_1840631/Data/FoilHole_1844376_Data_1843864_1843866_20251002_102547.xml,113.13289696041234,61.707184819051534,-1.5999999999999999,/Volumes/OffloadData/Jakob/Get3/2025-10-02_Get3_-80_617_2/2025-10-02_Get3_-80_617_2/Images-Disc1/GridSquare_1840631/Data/FoilHole_1844376_Data_1843864_1843866_20251002_102547.mrc,Atlas_1.mrc,/Volumes/OffloadData/Jakob/Get3/2025-10-02_Get3_-80_617_2,910.0,84.5,1.23,0.0,0.5460928082466125,ResNet10_512_0.2_full.pth
25,/Volumes/OffloadData/Jakob/Get3/2025-10-02_Get3_-80_617_2/2025-10-02_Get3_-80_617_2/Images-Disc1/GridSquare_1840631/Data/FoilHole_1844376_Data_1843869_1843871_20251002_102559.xml,115.32347547901283,60.55198395302505,-1.5999999999999999,/Volumes/OffloadData/Jakob/Get3/2025-10-02_Get3_-80_617_2/2025-10-02_Get3_-80_617_2/Images-Disc1/GridSquare_1840631/Data/FoilHole_1844376_Data_1843869_1843871_20251002_102559.mrc,Atlas_1.mrc,/Volumes/OffloadData/Jakob/Get3/2025-10-02_Get3_-80_617_2,910.0,84.5,1.23,0.0,0.24809804558753967,ResNet10_512_0.2_full.pth
26,/Volumes/OffloadData/Jakob/Get3/2025-10-02_Get3_-80_617_2/2025-10-02_Get3_-80_617_2/Images-Disc1/GridSquare_1840631/Data/FoilHole_1844376_Data_1843873_1843875_20251002_102611.xml,114.17031805843119,58.151718557688234,-1.5999999999999999,/Volumes/OffloadData/Jakob/Get3/2025-10-02_Get3_-80_617_2/2025-10-02_Get3_-80_617_2/Images-Disc1/GridSquare_1840631/Data/FoilHole_1844376_Data_1843873_1843875_20251002_102611.mrc,Atlas_1.mrc,/Volumes/OffloadData/Jakob/Get3/2025-10-02_Get3_-80_617_2,910.0,84.5,1.23,0.0,0.5465129613876343,ResNet10_512_0.2_full.pth
27,/Volumes/OffloadData/Jakob/Get3/2025-10-02_Get3_-80_617_2/2025-10-02_Get3_-80_617_2/Images-Disc1/GridSquare_1840631/Data/FoilHole_1844376_Data_1843878_1843880_20251002_102623.xml,111.97398554568701,59.367706065983135,-1.5999999999999999,/Volumes/OffloadData/Jakob/Get3/2025-10-02_Get3_-80_617_2/2025-10-02_Get3_-80_617_2/Images-Disc1/GridSquare_1840631/Data/FoilHole_1844376_Data_1843878_1843880_20251002_102623.mrc,Atlas_1.mrc,/Volumes/OffloadData/Jakob/Get3/2025-10-02_Get3_-80_617_2,910.0,84.5,1.23,0.0,0.2665363550186157,ResNet10_512_0.2_full.pth
28,/Volumes/OffloadData/Jakob/Get3/2025-10-02_Get3_-80_617_2/2025-10-02_Get3_-80_617_2/Images-Disc1/GridSquare_1840639/Data/FoilHole_1844306_Data_1843859_1843861_20251002_100710.xml,-2.903290412961822,-0.9120387791273306,-2.4,/Volumes/OffloadData/Jakob/Get3/2025-10-02_Get3_-80_617_2/2025-10-02_Get3_-80_617_2/Images-Disc1/GridSquare_1840639/Data/FoilHole_1844306_Data_1843859_1843861_20251002_100710.mrc,Atlas_1.mrc,/Volumes/OffloadData/Jakob/Get3/2025-10-02_Get3_-80_617_2,910.0,84.5,1.23,0.0,0.15972252190113068,ResNet10_512_0.2_full.pth
29,/Volumes/OffloadData/Jakob/Get3/2025-10-02_Get3_-80_617_2/2025-10-02_Get3_-80_617_2/Images-Disc1/GridSquare_1840639/Data/FoilHole_1844306_Data_1843864_1843866_20251002_100722.xml,-3.7854340856107336,1.385218241817609,-2.4,/Volumes/OffloadData/Jakob/Get3/2025-10-02_Get3_-80_617_2/2025-10-02_Get3_-80_617_2/Images-Disc1/GridSquare_1840639/Data/FoilHole_1844306_Data_1843864_1843866_20251002_100722.mrc,Atlas_1.mrc,/Volumes/OffloadData/Jakob/Get3/2025-10-02_Get3_-80_617_2,910.0,84.5,1.23,0.0,0.12763157486915588,ResNet10_512_0.2_full.pth
30,/Volumes/OffloadData/Jakob/Get3/2025-10-02_Get3_-80_617_2/2025-10-02_Get3_-80_617_2/Images-Disc1/GridSquare_1840639/Data/FoilHole_1844306_Data_1843869_1843871_20251002_100734.xml,-1.0972232878135038,0.1581502410792659,-2.4,/Volumes/OffloadData/Jakob/Get3/2025-10-02_Get3_-80_617_2/2025-10-02_Get3_-80_617_2/Images-Disc1/GridSquare_1840639/Data/FoilHole_1844306_Data_1843869_1843871_20251002_100734.mrc,Atlas_1.mrc,/Volumes/OffloadData/Jakob/Get3/2025-10-02_Get3_-80_617_2,910.0,84.5,1.23,0.0,0.042280200868844986,ResNet10_512_0.2_full.pth
31,/Volumes/OffloadData/Jakob/Get3/2025-10-02_Get3_-80_617_2/2025-10-02_Get3_-80_617_2/Images-Disc1/GridSquare_1840639/Data/FoilHole_1844306_Data_1843873_1843875_20251002_100746.xml,-2.4262422497331344,-2.4840209155765085,-2.4,/Volumes/OffloadData/Jakob/Get3/2025-10-02_Get3_-80_617_2/2025-10-02_Get3_-80_617_2/Images-Disc1/GridSquare_1840639/Data/FoilHole_1844306_Data_1843873_1843875_20251002_100746.mrc,Atlas_1.mrc,/Volumes/OffloadData/Jakob/Get3/2025-10-02_Get3_-80_617_2,910.0,84.5,1.23,0.0,0.6929466128349304,ResNet10_512_0.2_full.pth
32,/Volumes/OffloadData/Jakob/Get3/2025-10-02_Get3_-80_617_2/2025-10-02_Get3_-80_617_2/Images-Disc1/GridSquare_1840639/Data/FoilHole_1844306_Data_1843878_1843880_20251002_100758.xml,-4.618226253590965,-1.362591250154951,-2.4,/Volumes/OffloadData/Jakob/Get3/2025-10-02_Get3_-80_617_2/2025-10-02_Get3_-80_617_2/Images-Disc1/GridSquare_1840639/Data/FoilHole_1844306_Data_1843878_1843880_20251002_100758.mrc,Atlas_1.mrc,/Volumes/OffloadData/Jakob/Get3/2025-10-02_Get3_-80_617_2,910.0,84.5,1.23,0.0,0.2495194375514984,ResNet10_512_0.2_full.pth
33,/Volumes/OffloadData/Jakob/Get3/2025-10-02_Get3_-80_617_2/2025-10-02_Get3_-80_617_2/Images-Disc1/GridSquare_1840639/Data/FoilHole_1844311_Data_1843859_1843861_20251002_100912.xml,12.138039357078913,2.5043883583178266,-2.2,/Volumes/OffloadData/Jakob/Get3/2025-10-02_Get3_-80_617_2/2025-10-02_Get3_-80_617_2/Images-Disc1/GridSquare_1840639/Data/FoilHole_1844311_Data_1843859_1843861_20251002_100912.mrc,Atlas_1.mrc,/Volumes/OffloadData/Jakob/Get3/2025-10-02_Get3_-80_617_2,910.0,84.5,1.23,0.0,0.5213832855224609,ResNet10_512_0.2_full.pth
34,/Volumes/OffloadData/Jakob/Get3/2025-10-02_Get3_-80_617_2/2025-10-02_Get3_-80_617_2/Images-Disc1/GridSquare_1840639/Data/FoilHole_1844311_Data_1843864_1843866_20251002_100924.xml,11.255895675378525,4.801645420517126,-2.2,/Volumes/OffloadData/Jakob/Get3/2025-10-02_Get3_-80_617_2/2025-10-02_Get3_-80_617_2/Images-Disc1/GridSquare_1840639/Data/FoilHole_1844311_Data_1843864_1843866_20251002_100924.mrc,Atlas_1.mrc,/Volumes/OffloadData/Jakob/Get3/2025-10-02_Get3_-80_617_2,910.0,84.5,1.23,0.0,0.6717040538787842,ResNet10_512_0.2_full.pth
35,/Volumes/OffloadData/Jakob/Get3/2025-10-02_Get3_-80_617_2/2025-10-02_Get3_-80_617_2/Images-Disc1/GridSquare_1840639/Data/FoilHole_1844311_Data_1843869_1843871_20251002_100936.xml,13.944106526671087,3.5745773942628185,-2.2,/Volumes/OffloadData/Jakob/Get3/2025-10-02_Get3_-80_617_2/2025-10-02_Get3_-80_617_2/Images-Disc1/GridSquare_1840639/Data/FoilHole_1844311_Data_1843869_1843871_20251002_100936.mrc,Atlas_1.mrc,/Volumes/OffloadData/Jakob/Get3/2025-10-02_Get3_-80_617_2,910.0,84.5,1.23,0.0,0.2273077815771103,ResNet10_512_0.2_full.pth
36,/Volumes/OffloadData/Jakob/Get3/2025-10-02_Get3_-80_617_2/2025-10-02_Get3_-80_617_2/Images-Disc1/GridSquare_1840639/Data/FoilHole_1844311_Data_1843873_1843875_20251002_100948.xml,12.615087567214859,0.9324061051004138,-2.2,/Volumes/OffloadData/Jakob/Get3/2025-10-02_Get3_-80_617_2/2025-10-02_Get3_-80_617_2/Images-Disc1/GridSquare_1840639/Data/FoilHole_1844311_Data_1843873_1843875_20251002_100948.mrc,Atlas_1.mrc,/Volumes/OffloadData/Jakob/Get3/2025-10-02_Get3_-80_617_2,910.0,84.5,1.23,0.0,0.5810003280639648,ResNet10_512_0.2_full.pth
37,/Volumes/OffloadData/Jakob/Get3/2025-10-02_Get3_-80_617_2/2025-10-02_Get3_-80_617_2/Images-Disc1/GridSquare_1840639/Data/FoilHole_1844311_Data_1843878_1843880_20251002_101000.xml,10.42310356351669,2.053835895621292,-2.2,/Volumes/OffloadData/Jakob/Get3/2025-10-02_Get3_-80_617_2/2025-10-02_Get3_-80_617_2/Images-Disc1/GridSquare_1840639/Data/FoilHole_1844311_Data_1843878_1843880_20251002_101000.mrc,Atlas_1.mrc,/Volumes/OffloadData/Jakob/Get3/2025-10-02_Get3_-80_617_2,910.0,84.5,1.23,0.0,0.8360579013824463,ResNet10_512_0.2_full.pth
38,/Volumes/OffloadData/Jakob/Get3/2025-10-02_Get3_-80_617_2/2025-10-02_Get3_-80_617_2/Images-Disc1/GridSquare_1840639/Data/FoilHole_1844314_Data_1843859_1843861_20251002_101059.xml,14.443020382283704,-10.316578571602538,-2.0,/Volumes/OffloadData/Jakob/Get3/2025-10-02_Get3_-80_617_2/2025-10-02_Get3_-80_617_2/Images-Disc1/GridSquare_1840639/Data/FoilHole_1844314_Data_1843859_1843861_20251002_101059.mrc,Atlas_1.mrc,/Volumes/OffloadData/Jakob/Get3/2025-10-02_Get3_-80_617_2,910.0,84.5,1.23,0.0,0.5206602215766907,ResNet10_512_0.2_full.pth
39,/Volumes/OffloadData/Jakob/Get3/2025-10-02_Get3_-80_617_2/2025-10-02_Get3_-80_617_2/Images-Disc1/GridSquare_1840639/Data/FoilHole_1844314_Data_1843864_1843866_20251002_101111.xml,13.560876700583314,-8.01932150940324,-2.0,/Volumes/OffloadData/Jakob/Get3/2025-10-02_Get3_-80_617_2/2025-10-02_Get3_-80_617_2/Images-Disc1/GridSquare_1840639/Data/FoilHole_1844314_Data_1843864_1843866_20251002_101111.mrc,Atlas_1.mrc,/Volumes/OffloadData/Jakob/Get3/2025-10-02_Get3_-80_617_2,910.0,84.5,1.23,0.0,0.23549407720565796,ResNet10_512_0.2_full.pth
40,/Volumes/OffloadData/Jakob/Get3/2025-10-02_Get3_-80_617_2/2025-10-02_Get3_-80_617_2/Images-Disc1/GridSquare_1840639/Data/FoilHole_1844314_Data_1843869_1843871_20251002_101123.xml,16.249087627389756,-9.246389497801768,-2.0,/Volumes/OffloadData/Jakob/Get3/2025-10-02_Get3_-80_617_2/2025-10-02_Get3_-80_617_2/Images-Disc1/GridSquare_1840639/Data/FoilHole_1844314_Data_1843869_1843871_20251002_101123.mrc,Atlas_1.mrc,/Volumes/OffloadData/Jakob/Get3/2025-10-02_Get3_-80_617_2,910.0,84.5,1.23,0.0,0.2512844502925873,ResNet10_512_0.2_full.pth
41,/Volumes/OffloadData/Jakob/Get3/2025-10-02_Get3_-80_617_2/2025-10-02_Get3_-80_617_2/Images-Disc1/GridSquare_1840639/Data/FoilHole_1844314_Data_1843873_1843875_20251002_101135.xml,14.920068582543236,-11.888560828317372,-2.0,/Volumes/OffloadData/Jakob/Get3/2025-10-02_Get3_-80_617_2/2025-10-02_Get3_-80_617_2/Images-Disc1/GridSquare_1840639/Data/FoilHole_1844314_Data_1843873_1843875_20251002_101135.mrc,Atlas_1.mrc,/Volumes/OffloadData/Jakob/Get3/2025-10-02_Get3_-80_617_2,910.0,84.5,1.23,0.0,0.7146683931350708,ResNet10_512_0.2_full.pth
42,/Volumes/OffloadData/Jakob/Get3/2025-10-02_Get3_-80_617_2/2025-10-02_Get3_-80_617_2/Images-Disc1/GridSquare_1840639/Data/FoilHole_1844314_Data_1843878_1843880_20251002_101147.xml,12.728084507961473,-10.767131057340237,-2.0,/Volumes/OffloadData/Jakob/Get3/2025-10-02_Get3_-80_617_2/2025-10-02_Get3_-80_617_2/Images-Disc1/GridSquare_1840639/Data/FoilHole_1844314_Data_1843878_1843880_20251002_101147.mrc,Atlas_1.mrc,/Volumes/OffloadData/Jakob/Get3/2025-10-02_Get3_-80_617_2,910.0,84.5,1.23,0.0,0.2286100536584854,ResNet10_512_0.2_full.pth
43,/Volumes/OffloadData/Jakob/Get3/2025-10-02_Get3_-80_617_2/2025-10-02_Get3_-80_617_2/Images-Disc1/GridSquare_1840639/Data/FoilHole_1844316_Data_1843859_1843861_20251002_101234.xml,6.450072808613338,-10.833248815306176,-1.8,/Volumes/OffloadData/Jakob/Get3/2025-10-02_Get3_-80_617_2/2025-10-02_Get3_-80_617_2/Images-Disc1/GridSquare_1840639/Data/FoilHole_1844316_Data_1843859_1843861_20251002_101234.mrc,Atlas_1.mrc,/Volumes/OffloadData/Jakob/Get3/2025-10-02_Get3_-80_617_2,910.0,84.5,1.23,0.0,0.2516584098339081,ResNet10_512_0.2_full.pth
44,/Volumes/OffloadData/Jakob/Get3/2025-10-02_Get3_-80_617_2/2025-10-02_Get3_-80_617_2/Images-Disc1/GridSquare_1840639/Data/FoilHole_1844316_Data_1843864_1843866_20251002_101246.xml,5.5679291318511535,-8.535991751358166,-1.8,/Volumes/OffloadData/Jakob/Get3/2025-10-02_Get3_-80_617_2/2025-10-02_Get3_-80_617_2/Images-Disc1/GridSquare_1840639/Data/FoilHole_1844316_Data_1843864_1843866_20251002_101246.mrc,Atlas_1.mrc,/Volumes/OffloadData/Jakob/Get3/2025-10-02_Get3_-80_617_2,910.0,84.5,1.23,0.0,0.18375076353549957,ResNet10_512_0.2_full.pth
45,/Volumes/OffloadData/Jakob/Get3/2025-10-02_Get3_-80_617_2/2025-10-02_Get3_-80_617_2/Images-Disc1/GridSquare_1840639/Data/FoilHole_1844316_Data_1843869_1843871_20251002_101258.xml,8.256140068534005,-9.763059736259274,-1.8,/Volumes/OffloadData/Jakob/Get3/2025-10-02_Get3_-80_617_2/2025-10-02_Get3_-80_617_2/Images-Disc1/GridSquare_1840639/Data/FoilHole_1844316_Data_1843869_1843871_20251002_101258.mrc,Atlas_1.mrc,/Volumes/OffloadData/Jakob/Get3/2025-10-02_Get3_-80_617_2,910.0,84.5,1.23,0.0,0.17173920571804047,ResNet10_512_0.2_full.pth
46,/Volumes/OffloadData/Jakob/Get3/2025-10-02_Get3_-80_617_2/2025-10-02_Get3_-80_617_2/Images-Disc1/GridSquare_1840639/Data/FoilHole_1844316_Data_1843873_1843875_20251002_101310.xml,6.9271210138110755,-12.405231070272297,-1.8,/Volumes/OffloadData/Jakob/Get3/2025-10-02_Get3_-80_617_2/2025-10-02_Get3_-80_617_2/Images-Disc1/GridSquare_1840639/Data/FoilHole_1844316_Data_1843873_1843875_20251002_101310.mrc,Atlas_1.mrc,/Volumes/OffloadData/Jakob/Get3/2025-10-02_Get3_-80_617_2,910.0,84.5,1.23,0.0,0.7459259033203125,ResNet10_512_0.2_full.pth
47,/Volumes/OffloadData/Jakob/Get3/2025-10-02_Get3_-80_617_2/2025-10-02_Get3_-80_617_2/Images-Disc1/GridSquare_1840639/Data/FoilHole_1844316_Data_1843878_1843880_20251002_101322.xml,4.7351369491057245,-11.28380129579774,-1.8,/Volumes/OffloadData/Jakob/Get3/2025-10-02_Get3_-80_617_2/2025-10-02_Get3_-80_617_2/Images-Disc1/GridSquare_1840639/Data/FoilHole_1844316_Data_1843878_1843880_20251002_101322.mrc,Atlas_1.mrc,/Volumes/OffloadData/Jakob/Get3/2025-10-02_Get3_-80_617_2,910.0,84.5,1.23,0.0,0.28774088621139526,ResNet10_512_0.2_full.pth
48,/Volumes/OffloadData/Jakob/Get3/2025-10-02_Get3_-80_617_2/2025-10-02_Get3_-80_617_2/Images-Disc1/GridSquare_1840639/Data/FoilHole_1844320_Data_1843859_1843861_20251002_101436.xml,-5.311898800899506,-15.576015657100292,-1.5999999999999999,/Volumes/OffloadData/Jakob/Get3/2025-10-02_Get3_-80_617_2/2025-10-02_Get3_-80_617_2/Images-Disc1/GridSquare_1840639/Data/FoilHole_1844320_Data_1843859_1843861_20251002_101436.mrc,Atlas_1.mrc,/Volumes/OffloadData/Jakob/Get3/2025-10-02_Get3_-80_617_2,910.0,84.5,1.23,0.0,0.44455966353416443,ResNet10_512_0.2_full.pth
49,/Volumes/OffloadData/Jakob/Get3/2025-10-02_Get3_-80_617_2/2025-10-02_Get3_-80_617_2/Images-Disc1/GridSquare_1840639/Data/FoilHole_1844320_Data_1843864_1843866_20251002_101448.xml,-6.194042459558734,-13.278758675661003,-1.5999999999999999,/Volumes/OffloadData/Jakob/Get3/2025-10-02_Get3_-80_617_2/2025-10-02_Get3_-80_617_2/Images-Disc1/GridSquare_1840639/Data/FoilHole_1844320_Data_1843864_1843866_20251002_101448.mrc,Atlas_1.mrc,/Volumes/OffloadData/Jakob/Get3/2025-10-02_Get3_-80_617_2,910.0,84.5,1.23,0.0,0.0870504081249237,ResNet10_512_0.2_full.pth
50,/Volumes/OffloadData/Jakob/Get3/2025-10-02_Get3_-80_617_2/2025-10-02_Get3_-80_617_2/Images-Disc1/GridSquare_1840639/Data/FoilHole_1844320_Data_1843869_1843871_20251002_101459.xml,-3.5058316757511885,-14.5058266368937,-1.5999999999999999,/Volumes/OffloadData/Jakob/Get3/2025-10-02_Get3_-80_617_2/2025-10-02_Get3_-80_617_2/Images-Disc1/GridSquare_1840639/Data/FoilHole_1844320_Data_1843869_1843871_20251002_101459.mrc,Atlas_1.mrc,/Volumes/OffloadData/Jakob/Get3/2025-10-02_Get3_-80_617_2,910.0,84.5,1.23,0.0,0.21817488968372345,ResNet10_512_0.2_full.pth
51,/Volumes/OffloadData/Jakob/Get3/2025-10-02_Get3_-80_617_2/2025-10-02_Get3_-80_617_2/Images-Disc1/GridSquare_1840639/Data/FoilHole_1844320_Data_1843873_1843875_20251002_101511.xml,-4.834850633557547,-17.14799783655254,-1.5999999999999999,/Volumes/OffloadData/Jakob/Get3/2025-10-02_Get3_-80_617_2/2025-10-02_Get3_-80_617_2/Images-Disc1/GridSquare_1840639/Data/FoilHole_1844320_Data_1843873_1843875_20251002_101511.mrc,Atlas_1.mrc,/Volumes/OffloadData/Jakob/Get3/2025-10-02_Get3_-80_617_2,910.0,84.5,1.23,0.0,0.8656362891197205,ResNet10_512_0.2_full.pth
52,/Volumes/OffloadData/Jakob/Get3/2025-10-02_Get3_-80_617_2/2025-10-02_Get3_-80_617_2/Images-Disc1/GridSquare_1840639/Data/FoilHole_1844320_Data_1843878_1843880_20251002_101523.xml,-7.026834638905584,-16.02656813553522,-1.5999999999999999,/Volumes/OffloadData/Jakob/Get3/2025-10-02_Get3_-80_617_2/2025-10-02_Get3_-80_617_2/Images-Disc1/GridSquare_1840639/Data/FoilHole_1844320_Data_1843878_1843880_20251002_101523.mrc,Atlas_1.mrc,/Volumes/OffloadData/Jakob/Get3/2025-10-02_Get3_-80_617_2,910.0,84.5,1.23,0.0,0.2027476578950882,ResNet10_512_0.2_full.pth
53,/Volumes/OffloadData/Jakob/Get3/2025-10-02_Get3_-80_617_2/2025-10-02_Get3_-80_617_2/Images-Disc1/GridSquare_1840815/Data/FoilHole_1846421_Data_1843859_1843861_20251002_103905.xml,298.3595926007283,522.7438005705698,-2.4,/Volumes/OffloadData/Jakob/Get3/2025-10-02_Get3_-80_617_2/2025-10-02_Get3_-80_617_2/Images-Disc1/GridSquare_1840815/Data/FoilHole_1846421_Data_1843859_1843861_20251002_103905.mrc,Atlas_1.mrc,/Volumes/OffloadData/Jakob/Get3/2025-10-02_Get3_-80_617_2,910.0,84.5,1.23,0.0,0.41768723726272583,ResNet10_512_0.2_full.pth
54,/Volumes/OffloadData/Jakob/Get3/2025-10-02_Get3_-80_617_2/2025-10-02_Get3_-80_617_2/Images-Disc1/GridSquare_1840815/Data/FoilHole_1846421_Data_1843864_1843866_20251002_103917.xml,298.06956326037204,524.3374456100913,-2.4,/Volumes/OffloadData/Jakob/Get3/2025-10-02_Get3_-80_617_2/2025-10-02_Get3_-80_617_2/Images-Disc1/GridSquare_1840815/Data/FoilHole_1846421_Data_1843864_1843866_20251002_103917.mrc,Atlas_1.mrc,/Volumes/OffloadData/Jakob/Get3/2025-10-02_Get3_-80_617_2,910.0,84.5,1.23,0.0,0.6085763573646545,ResNet10_512_0.2_full.pth
55,/Volumes/OffloadData/Jakob/Get3/2025-10-02_Get3_-80_617_2/2025-10-02_Get3_-80_617_2/Images-Disc1/GridSquare_1840815/Data/FoilHole_1846421_Data_1843869_1843871_20251002_103929.xml,300.2601417996491,523.1822447013697,-2.4,/Volumes/OffloadData/Jakob/Get3/2025-10-02_Get3_-80_617_2/2025-10-02_Get3_-80_617_2/Images-Disc1/GridSquare_1840815/Data/FoilHole_1846421_Data_1843869_1843871_20251002_103929.mrc,Atlas_1.mrc,/Volumes/OffloadData/Jakob/Get3/2025-10-02_Get3_-80_617_2,910.0,84.5,1.23,0.0,0.4417937397956848,ResNet10_512_0.2_full.pth
56,/Volumes/OffloadData/Jakob/Get3/2025-10-02_Get3_-80_617_2/2025-10-02_Get3_-80_617_2/Images-Disc1/GridSquare_1840815/Data/FoilHole_1846421_Data_1843873_1843875_20251002_103941.xml,299.1069843534527,520.7819793469794,-2.4,/Volumes/OffloadData/Jakob/Get3/2025-10-02_Get3_-80_617_2/2025-10-02_Get3_-80_617_2/Images-Disc1/GridSquare_1840815/Data/FoilHole_1846421_Data_1843873_1843875_20251002_103941.mrc,Atlas_1.mrc,/Volumes/OffloadData/Jakob/Get3/2025-10-02_Get3_-80_617_2,910.0,84.5,1.23,0.0,0.7445493340492249,ResNet10_512_0.2_full.pth
57,/Volumes/OffloadData/Jakob/Get3/2025-10-02_Get3_-80_617_2/2025-10-02_Get3_-80_617_2/Images-Disc1/GridSquare_1840815/Data/FoilHole_1846421_Data_1843878_1843880_20251002_103953.xml,296.9106518654489,521.9979668167967,-2.4,/Volumes/OffloadData/Jakob/Get3/2025-10-02_Get3_-80_617_2/2025-10-02_Get3_-80_617_2/Images-Disc1/GridSquare_1840815/Data/FoilHole_1846421_Data_1843878_1843880_20251002_103953.mrc,Atlas_1.mrc,/Volumes/OffloadData/Jakob/Get3/2025-10-02_Get3_-80_617_2,910.0,84.5,1.23,0.0,0.7990086674690247,ResNet10_512_0.2_full.pth
58,/Volumes/OffloadData/Jakob/Get3/2025-10-02_Get3_-80_617_2/2025-10-02_Get3_-80_617_2/Images-Disc1/GridSquare_1840815/Data/FoilHole_1846424_Data_1843859_1843861_20251002_104038.xml,302.62133991326056,518.8764484675422,-2.2,/Volumes/OffloadData/Jakob/Get3/2025-10-02_Get3_-80_617_2/2025-10-02_Get3_-80_617_2/Images-Disc1/GridSquare_1840815/Data/FoilHole_1846424_Data_1843859_1843861_20251002_104038.mrc,Atlas_1.mrc,/Volumes/OffloadData/Jakob/Get3/2025-10-02_Get3_-80_617_2,910.0,84.5,1.23,0.0,0.18910975754261017,ResNet10_512_0.2_full.pth
59,/Volumes/OffloadData/Jakob/Get3/2025-10-02_Get3_-80_617_2/2025-10-02_Get3_-80_617_2/Images-Disc1/GridSquare_1840815/Data/FoilHole_1846424_Data_1843864_1843866_20251002_104050.xml,302.3313105770176,520.4700934640606,-2.2,/Volumes/OffloadData/Jakob/Get3/2025-10-02_Get3_-80_617_2/2025-10-02_Get3_-80_617_2/Images-Disc1/GridSquare_1840815/Data/FoilHole_1846424_Data_1843864_1843866_20251002_104050.mrc,Atlas_1.mrc,/Volumes/OffloadData/Jakob/Get3/2025-10-02_Get3_-80_617_2,910.0,84.5,1.23,0.0,0.8106489777565002,ResNet10_512_0.2_full.pth
60,/Volumes/OffloadData/Jakob/Get3/2025-10-02_Get3_-80_617_2/2025-10-02_Get3_-80_617_2/Images-Disc1/GridSquare_1840815/Data/FoilHole_1846424_Data_1843869_1843871_20251002_104102.xml,304.52188916331215,519.3148926108909,-2.2,/Volumes/OffloadData/Jakob/Get3/2025-10-02_Get3_-80_617_2/2025-10-02_Get3_-80_617_2/Images-Disc1/GridSquare_1840815/Data/FoilHole_1846424_Data_1843869_1843871_20251002_104102.mrc,Atlas_1.mrc,/Volumes/OffloadData/Jakob/Get3/2025-10-02_Get3_-80_617_2,910.0,84.5,1.23,0.0,0.2048913538455963,ResNet10_512_0.2_full.pth
61,/Volumes/OffloadData/Jakob/Get3/2025-10-02_Get3_-80_617_2/2025-10-02_Get3_-80_617_2/Images-Disc1/GridSquare_1840815/Data/FoilHole_1846424_Data_1843873_1843875_20251002_104114.xml,303.3687316700982,516.9146272009485,-2.2,/Volumes/OffloadData/Jakob/Get3/2025-10-02_Get3_-80_617_2/2025-10-02_Get3_-80_617_2/Images-Disc1/GridSquare_1840815/Data/FoilHole_1846424_Data_1843873_1843875_20251002_104114.mrc,Atlas_1.mrc,/Volumes/OffloadData/Jakob/Get3/2025-10-02_Get3_-80_617_2,910.0,84.5,1.23,0.0,0.4368780851364136,ResNet10_512_0.2_full.pth
62,/Volumes/OffloadData/Jakob/Get3/2025-10-02_Get3_-80_617_2/2025-10-02_Get3_-80_617_2/Images-Disc1/GridSquare_1840815/Data/FoilHole_1846424_Data_1843878_1843880_20251002_104125.xml,301.1723992299863,518.1306147238489,-2.2,/Volumes/OffloadData/Jakob/Get3/2025-10-02_Get3_-80_617_2/2025-10-02_Get3_-80_617_2/Images-Disc1/GridSquare_1840815/Data/FoilHole_1846424_Data_1843878_1843880_20251002_104125.mrc,Atlas_1.mrc,/Volumes/OffloadData/Jakob/Get3/2025-10-02_Get3_-80_617_2,910.0,84.5,1.23,0.0,0.554006814956665,ResNet10_512_0.2_full.pth
63,/Volumes/OffloadData/Jakob/Get3/2025-10-02_Get3_-80_617_2/2025-10-02_Get3_-80_617_2/Images-Disc1/GridSquare_1840815/Data/FoilHole_1846428_Data_1843859_1843861_20251002_104211.xml,306.83322909624997,515.0928909046404,-2.0,/Volumes/OffloadData/Jakob/Get3/2025-10-02_Get3_-80_617_2/2025-10-02_Get3_-80_617_2/Images-Disc1/GridSquare_1840815/Data/FoilHole_1846428_Data_1843859_1843861_20251002_104211.mrc,Atlas_1.mrc,/Volumes/OffloadData/Jakob/Get3/2025-10-02_Get3_-80_617_2,910.0,84.5,1.23,0.0,0.09604660421609879,ResNet10_512_0.2_full.pth
64,/Volumes/OffloadData/Jakob/Get3/2025-10-02_Get3_-80_617_2/2025-10-02_Get3_-80_617_2/Images-Disc1/GridSquare_1840815/Data/FoilHole_1846428_Data_1843864_1843866_20251002_104223.xml,306.5431997614478,516.6865359127839,-2.0,/Volumes/OffloadData/Jakob/Get3/2025-10-02_Get3_-80_617_2/2025-10-02_Get3_-80_617_2/Images-Disc1/GridSquare_1840815/Data/FoilHole_1846428_Data_1843864_1843866_20251002_104223.mrc,Atlas_1.mrc,/Volumes/OffloadData/Jakob/Get3/2025-10-02_Get3_-80_617_2,910.0,84.5,1.23,0.0,0.7325032949447632,ResNet10_512_0.2_full.pth
65,/Volumes/OffloadData/Jakob/Get3/2025-10-02_Get3_-80_617_2/2025-10-02_Get3_-80_617_2/Images-Disc1/GridSquare_1840815/Data/FoilHole_1846428_Data_1843869_1843871_20251002_104235.xml,308.7337783974324,515.531335060538,-2.0,/Volumes/OffloadData/Jakob/Get3/2025-10-02_Get3_-80_617_2/2025-10-02_Get3_-80_617_2/Images-Disc1/GridSquare_1840815/Data/FoilHole_1846428_Data_1843869_1843871_20251002_104235.mrc,Atlas_1.mrc,/Volumes/OffloadData/Jakob/Get3/2025-10-02_Get3_-80_617_2,910.0,84.5,1.23,0.0,0.39494484663009644,ResNet10_512_0.2_full.pth
66,/Volumes/OffloadData/Jakob/Get3/2025-10-02_Get3_-80_617_2/2025-10-02_Get3_-80_617_2/Images-Disc1/GridSquare_1840815/Data/FoilHole_1846428_Data_1843873_1843875_20251002_104247.xml,307.58062085946665,513.1310696514206,-2.0,/Volumes/OffloadData/Jakob/Get3/2025-10-02_Get3_-80_617_2/2025-10-02_Get3_-80_617_2/Images-Disc1/GridSquare_1840815/Data/FoilHole_1846428_Data_1843873_1843875_20251002_104247.mrc,Atlas_1.mrc,/Volumes/OffloadData/Jakob/Get3/2025-10-02_Get3_-80_617_2,910.0,84.5,1.23,0.0,0.5439324378967285,ResNet10_512_0.2_full.pth
67,/Volumes/OffloadData/Jakob/Get3/2025-10-02_Get3_-80_617_2/2025-10-02_Get3_-80_617_2/Images-Disc1/GridSquare_1840815/Data/FoilHole_1846428_Data_1843878_1843880_20251002_104258.xml,305.38428830608393,514.3470571175374,-2.0,/Volumes/OffloadData/Jakob/Get3/2025-10-02_Get3_-80_617_2/2025-10-02_Get3_-80_617_2/Images-Disc1/GridSquare_1840815/Data/FoilHole_1846428_Data_1843878_1843880_20251002_104258.mrc,Atlas_1.mrc,/Volumes/OffloadData/Jakob/Get3/2025-10-02_Get3_-80_617_2,910.0,84.5,1.23,0.0,0.41833731532096863,ResNet10_512_0.2_full.pth
68,/Volumes/OffloadData/Jakob/Get3/2025-10-02_Get3_-80_617_2/2025-10-02_Get3_-80_617_2/Images-Disc1/GridSquare_1840815/Data/FoilHole_1846432_Data_1843859_1843861_20251002_104410.xml,311.0350395812628,511.30100419044226,-1.8,/Volumes/OffloadData/Jakob/Get3/2025-10-02_Get3_-80_617_2/2025-10-02_Get3_-80_617_2/Images-Disc1/GridSquare_1840815/Data/FoilHole_1846432_Data_1843859_1843861_20251002_104410.mrc,Atlas_1.mrc,/Volumes/OffloadData/Jakob/Get3/2025-10-02_Get3_-80_617_2,910.0,84.5,1.23,0.0,0.10209345072507858,ResNet10_512_0.2_full.pth
69,/Volumes/OffloadData/Jakob/Get3/2025-10-02_Get3_-80_617_2/2025-10-02_Get3_-80_617_2/Images-Disc1/GridSquare_1840815/Data/FoilHole_1846432_Data_1843864_1843866_20251002_104422.xml,310.745010249958,512.8946491887094,-1.8,/Volumes/OffloadData/Jakob/Get3/2025-10-02_Get3_-80_617_2/2025-10-02_Get3_-80_617_2/Images-Disc1/GridSquare_1840815/Data/FoilHole_1846432_Data_1843864_1843866_20251002_104422.mrc,Atlas_1.mrc,/Volumes/OffloadData/Jakob/Get3/2025-10-02_Get3_-80_617_2,910.0,84.5,1.23,0.0,0.6452860832214355,ResNet10_512_0.2_full.pth
70,/Volumes/OffloadData/Jakob/Get3/2025-10-02_Get3_-80_617_2/2025-10-02_Get3_-80_617_2/Images-Disc1/GridSquare_1840815/Data/FoilHole_1846432_Data_1843869_1843871_20251002_104434.xml,312.9355888708201,511.7394483477808,-1.8,/Volumes/OffloadData/Jakob/Get3/2025-10-02_Get3_-80_617_2/2025-10-02_Get3_-80_617_2/Images-Disc1/GridSquare_1840815/Data/FoilHole_1846432_Data_1843869_1843871_20251002_104434.mrc,Atlas_1.mrc,/Volumes/OffloadData/Jakob/Get3/2025-10-02_Get3_-80_617_2,910.0,84.5,1.23,0.0,0.26927775144577026,ResNet10_512_0.2_full.pth
71,/Volumes/OffloadData/Jakob/Get3/2025-10-02_Get3_-80_617_2/2025-10-02_Get3_-80_617_2/Images-Disc1/GridSquare_1840815/Data/FoilHole_1846432_Data_1843873_1843875_20251002_104446.xml,311.78243134797685,509.3391829273461,-1.8,/Volumes/OffloadData/Jakob/Get3/2025-10-02_Get3_-80_617_2/2025-10-02_Get3_-80_617_2/Images-Disc1/GridSquare_1840815/Data/FoilHole_1846432_Data_1843873_1843875_20251002_104446.mrc,Atlas_1.mrc,/Volumes/OffloadData/Jakob/Get3/2025-10-02_Get3_-80_617_2,910.0,84.5,1.23,0.0,0.378645658493042,ResNet10_512_0.2_full.pth
72,/Volumes/OffloadData/Jakob/Get3/2025-10-02_Get3_-80_617_2/2025-10-02_Get3_-80_617_2/Images-Disc1/GridSquare_1840815/Data/FoilHole_1846432_Data_1843878_1843880_20251002_104458.xml,309.58609877772295,510.5551704097183,-1.8,/Volumes/OffloadData/Jakob/Get3/2025-10-02_Get3_-80_617_2/2025-10-02_Get3_-80_617_2/Images-Disc1/GridSquare_1840815/Data/FoilHole_1846432_Data_1843878_1843880_20251002_104458.mrc,Atlas_1.mrc,/Volumes/OffloadData/Jakob/Get3/2025-10-02_Get3_-80_617_2,910.0,84.5,1.23,0.0,0.25075680017471313,ResNet10_512_0.2_full.pth
73,/Volumes/OffloadData/Jakob/Get3/2025-10-02_Get3_-80_617_2/2025-10-02_Get3_-80_617_2/Images-Disc1/GridSquare_1840815/Data/FoilHole_1846436_Data_1843859_1843861_20251002_104544.xml,315.24653900736786,507.4711019638564,-1.5999999999999999,/Volumes/OffloadData/Jakob/Get3/2025-10-02_Get3_-80_617_2/2025-10-02_Get3_-80_617_2/Images-Disc1/GridSquare_1840815/Data/FoilHole_1846436_Data_1843859_1843861_20251002_104544.mrc,Atlas_1.mrc,/Volumes/OffloadData/Jakob/Get3/2025-10-02_Get3_-80_617_2,910.0,84.5,1.23,0.0,0.28581708669662476,ResNet10_512_0.2_full.pth
74,/Volumes/OffloadData/Jakob/Get3/2025-10-02_Get3_-80_617_2/2025-10-02_Get3_-80_617_2/Images-Disc1/GridSquare_1840815/Data/FoilHole_1846436_Data_1843864_1843866_20251002_104555.xml,314.95650968305785,509.06474694237073,-1.5999999999999999,/Volumes/OffloadData/Jakob/Get3/2025-10-02_Get3_-80_617_2/2025-10-02_Get3_-80_617_2/Images-Disc1/GridSquare_1840815/Data/FoilHole_1846436_Data_1843864_1843866_20251002_104555.mrc,Atlas_1.mrc,/Volumes/OffloadData/Jakob/Get3/2025-10-02_Get3_-80_617_2,910.0,84.5,1.23,0.0,0.5948531627655029,ResNet10_512_0.2_full.pth
75,/Volumes/OffloadData/Jakob/Get3/2025-10-02_Get3_-80_617_2/2025-10-02_Get3_-80_617_2/Images-Disc1/GridSquare_1840815/Data/FoilHole_1846436_Data_1843869_1843871_20251002_104607.xml,317.1470881981609,507.90954608622064,-1.5999999999999999,/Volumes/OffloadData/Jakob/Get3/2025-10-02_Get3_-80_617_2/2025-10-02_Get3_-80_617_2/Images-Disc1/GridSquare_1840815/Data/FoilHole_1846436_Data_1843869_1843871_20251002_104607.mrc,Atlas_1.mrc,/Volumes/OffloadData/Jakob/Get3/2025-10-02_Get3_-80_617_2,910.0,84.5,1.23,0.0,0.3376164138317108,ResNet10_512_0.2_full.pth
76,/Volumes/OffloadData/Jakob/Get3/2025-10-02_Get3_-80_617_2/2025-10-02_Get3_-80_617_2/Images-Disc1/GridSquare_1840815/Data/FoilHole_1846436_Data_1843873_1843875_20251002_104619.xml,315.99393077120027,505.50928067751,-1.5999999999999999,/Volumes/OffloadData/Jakob/Get3/2025-10-02_Get3_-80_617_2/2025-10-02_Get3_-80_617_2/Images-Disc1/GridSquare_1840815/Data/FoilHole_1846436_Data_1843873_1843875_20251002_104619.mrc,Atlas_1.mrc,/Volumes/OffloadData/Jakob/Get3/2025-10-02_Get3_-80_617_2,910.0,84.5,1.23,0.0,0.41781312227249146,ResNet10_512_0.2_full.pth
77,/Volumes/OffloadData/Jakob/Get3/2025-10-02_Get3_-80_617_2/2025-10-02_Get3_-80_617_2/Images-Disc1/GridSquare_1840815/Data/FoilHole_1846436_Data_1843878_1843880_20251002_104631.xml,313.7975982648351,506.7252681991787,-1.5999999999999999,/Volumes/OffloadData/Jakob/Get3/2025-10-02_Get3_-80_617_2/2025-10-02_Get3_-80_617_2/Images-Disc1/GridSquare_1840815/Data/FoilHole_1846436_Data_1843878_1843880_20251002_104631.mrc,Atlas_1.mrc,/Volumes/OffloadData/Jakob/Get3/2025-10-02_Get3_-80_617_2,910.0,84.5,1.23,0.0,0.09768471121788025,ResNet10_512_0.2_full.pth
78,/Volumes/OffloadData/Jakob/Get3/2025-10-02_Get3_-80_617_2/2025-10-02_Get3_-80_617_2/Images-Disc1/GridSquare_1840815/Data/FoilHole_1846440_Data_1843859_1843861_20251002_104719.xml,307.2441915593413,507.05194782443715,-1.4,/Volumes/OffloadData/Jakob/Get3/2025-10-02_Get3_-80_617_2/2025-10-02_Get3_-80_617_2/Images-Disc1/GridSquare_1840815/Data/FoilHole_1846440_Data_1843859_1843861_20251002_104719.mrc,Atlas_1.mrc,/Volumes/OffloadData/Jakob/Get3/2025-10-02_Get3_-80_617_2,910.0,84.5,1.23,0.0,0.1119605079293251,ResNet10_512_0.2_full.pth
79,/Volumes/OffloadData/Jakob/Get3/2025-10-02_Get3_-80_617_2/2025-10-02_Get3_-80_617_2/Images-Disc1/GridSquare_1840815/Data/FoilHole_1846440_Data_1843864_1843866_20251002_104731.xml,306.95416220705204,508.64559288196284,-1.4,/Volumes/OffloadData/Jakob/Get3/2025-10-02_Get3_-80_617_2/2025-10-02_Get3_-80_617_2/Images-Disc1/GridSquare_1840815/Data/FoilHole_1846440_Data_1843864_1843866_20251002_104731.mrc,Atlas_1.mrc,/Volumes/OffloadData/Jakob/Get3/2025-10-02_Get3_-80_617_2,910.0,84.5,1.23,0.0,0.6218032240867615,ResNet10_512_0.2_full.pth
80,/Volumes/OffloadData/Jakob/Get3/2025-10-02_Get3_-80_617_2/2025-10-02_Get3_-80_617_2/Images-Disc1/GridSquare_1840815/Data/FoilHole_1846440_Data_1843869_1843871_20251002_104743.xml,309.1447408093929,507.4903919677859,-1.4,/Volumes/OffloadData/Jakob/Get3/2025-10-02_Get3_-80_617_2/2025-10-02_Get3_-80_617_2/Images-Disc1/GridSquare_1840815/Data/FoilHole_1846440_Data_1843869_1843871_20251002_104743.mrc,Atlas_1.mrc,/Volumes/OffloadData/Jakob/Get3/2025-10-02_Get3_-80_617_2,910.0,84.5,1.23,0.0,0.4234525263309479,ResNet10_512_0.2_full.pth
81,/Volumes/OffloadData/Jakob/Get3/2025-10-02_Get3_-80_617_2/2025-10-02_Get3_-80_617_2/Images-Disc1/GridSquare_1840815/Data/FoilHole_1846440_Data_1843873_1843875_20251002_104755.xml,307.99158330507083,505.0901266205994,-1.4,/Volumes/OffloadData/Jakob/Get3/2025-10-02_Get3_-80_617_2/2025-10-02_Get3_-80_617_2/Images-Disc1/GridSquare_1840815/Data/FoilHole_1846440_Data_1843873_1843875_20251002_104755.mrc,Atlas_1.mrc,/Volumes/OffloadData/Jakob/Get3/2025-10-02_Get3_-80_617_2,910.0,84.5,1.23,0.0,0.5526448488235474,ResNet10_512_0.2_full.pth
82,/Volumes/OffloadData/Jakob/Get3/2025-10-02_Get3_-80_617_2/2025-10-02_Get3_-80_617_2/Images-Disc1/GridSquare_1840815/Data/FoilHole_1846440_Data_1843878_1843880_20251002_104807.xml,305.7952508760671,506.306114080744,-1.4,/Volumes/OffloadData/Jakob/Get3/2025-10-02_Get3_-80_617_2/2025-10-02_Get3_-80_617_2/Images-Disc1/GridSquare_1840815/Data/FoilHole_1846440_Data_1843878_1843880_20251002_104807.mrc,Atlas_1.mrc,/Volumes/OffloadData/Jakob/Get3/2025-10-02_Get3_-80_617_2,910.0,84.5,1.23,0.0,0.11724214255809784,ResNet10_512_0.2_full.pth
83,/Volumes/OffloadData/Jakob/Get3/2025-10-02_Get3_-80_617_2/2025-10-02_Get3_-80_617_2/Images-Disc1/GridSquare_1840815/Data/FoilHole_1846445_Data_1843859_1843861_20251002_104855.xml,302.9829607451379,510.8331268990238,-1.2,/Volumes/OffloadData/Jakob/Get3/2025-10-02_Get3_-80_617_2/2025-10-02_Get3_-80_617_2/Images-Disc1/GridSquare_1840815/Data/FoilHole_1846445_Data_1843859_1843861_20251002_104855.mrc,Atlas_1.mrc,/Volumes/OffloadData/Jakob/Get3/2025-10-02_Get3_-80_617_2,910.0,84.5,1.23,0.0,0.03946896642446518,ResNet10_512_0.2_full.pth
84,/Volumes/OffloadData/Jakob/Get3/2025-10-02_Get3_-80_617_2/2025-10-02_Get3_-80_617_2/Images-Disc1/GridSquare_1840815/Data/FoilHole_1846445_Data_1843864_1843866_20251002_104907.xml,302.69293141733056,512.4267718874146,-1.2,/Volumes/OffloadData/Jakob/Get3/2025-10-02_Get3_-80_617_2/2025-10-02_Get3_-80_617_2/Images-Disc1/GridSquare_1840815/Data/FoilHole_1846445_Data_1843864_1843866_20251002_104907.mrc,Atlas_1.mrc,/Volumes/OffloadData/Jakob/Get3/2025-10-02_Get3_-80_617_2,910.0,84.5,1.23,0.0,0.564583420753479,ResNet10_512_0.2_full.pth
85,/Volumes/OffloadData/Jakob/Get3/2025-10-02_Get3_-80_617_2/2025-10-02_Get3_-80_617_2/Images-Disc1/GridSquare_1840815/Data/FoilHole_1846445_Data_1843869_1843871_20251002_104919.xml,304.8835099063018,511.27157101089574,-1.2,/Volumes/OffloadData/Jakob/Get3/2025-10-02_Get3_-80_617_2/2025-10-02_Get3_-80_617_2/Images-Disc1/GridSquare_1840815/Data/FoilHole_1846445_Data_1843869_1843871_20251002_104919.mrc,Atlas_1.mrc,/Volumes/OffloadData/Jakob/Get3/2025-10-02_Get3_-80_617_2,910.0,84.5,1.23,0.0,0.3043210804462433,ResNet10_512_0.2_full.pth
86,/Volumes/OffloadData/Jakob/Get3/2025-10-02_Get3_-80_617_2/2025-10-02_Get3_-80_617_2/Images-Disc1/GridSquare_1840815/Data/FoilHole_1846445_Data_1843873_1843875_20251002_104930.xml,303.7303525153494,508.8713056260512,-1.2,/Volumes/OffloadData/Jakob/Get3/2025-10-02_Get3_-80_617_2/2025-10-02_Get3_-80_617_2/Images-Disc1/GridSquare_1840815/Data/FoilHole_1846445_Data_1843873_1843875_20251002_104930.mrc,Atlas_1.mrc,/Volumes/OffloadData/Jakob/Get3/2025-10-02_Get3_-80_617_2,910.0,84.5,1.23,0.0,0.4902257025241852,ResNet10_512_0.2_full.pth
87,/Volumes/OffloadData/Jakob/Get3/2025-10-02_Get3_-80_617_2/2025-10-02_Get3_-80_617_2/Images-Disc1/GridSquare_1840815/Data/FoilHole_1846445_Data_1843878_1843880_20251002_104942.xml,301.53401997297595,510.0872931238539,-1.2,/Volumes/OffloadData/Jakob/Get3/2025-10-02_Get3_-80_617_2/2025-10-02_Get3_-80_617_2/Images-Disc1/GridSquare_1840815/Data/FoilHole_1846445_Data_1843878_1843880_20251002_104942.mrc,Atlas_1.mrc,/Volumes/OffloadData/Jakob/Get3/2025-10-02_Get3_-80_617_2,910.0,84.5,1.23,0.0,0.06588251888751984,ResNet10_512_0.2_full.pth
88,/Volumes/OffloadData/Jakob/Get3/2025-10-02_Get3_-80_617_2/2025-10-02_Get3_-80_617_2/Images-Disc1/GridSquare_1840815/Data/FoilHole_1846448_Data_1843859_1843861_20251002_105043.xml,298.7657461134899,514.5896832360155,-2.4,/Volumes/OffloadData/Jakob/Get3/2025-10-02_Get3_-80_617_2/2025-10-02_Get3_-80_617_2/Images-Disc1/GridSquare_1840815/Data/FoilHole_1846448_Data_1843859_1843861_20251002_105043.mrc,Atlas_1.mrc,/Volumes/OffloadData/Jakob/Get3/2025-10-02_Get3_-80_617_2,910.0,84.5,1.23,0.0,0.06450706720352173,ResNet10_512_0.2_full.pth
89,/Volumes/OffloadData/Jakob/Get3/2025-10-02_Get3_-80_617_2/2025-10-02_Get3_-80_617_2/Images-Disc1/GridSquare_1840815/Data/FoilHole_1846448_Data_1843864_1843866_20251002_105055.xml,298.47571676120054,516.1833282935412,-2.4,/Volumes/OffloadData/Jakob/Get3/2025-10-02_Get3_-80_617_2/2025-10-02_Get3_-80_617_2/Images-Disc1/GridSquare_1840815/Data/FoilHole_1846448_Data_1843864_1843866_20251002_105055.mrc,Atlas_1.mrc,/Volumes/OffloadData/Jakob/Get3/2025-10-02_Get3_-80_617_2,910.0,84.5,1.23,0.0,0.9031341671943665,ResNet10_512_0.2_full.pth
90,/Volumes/OffloadData/Jakob/Get3/2025-10-02_Get3_-80_617_2/2025-10-02_Get3_-80_617_2/Images-Disc1/GridSquare_1840815/Data/FoilHole_1846448_Data_1843869_1843871_20251002_105107.xml,300.6662953716692,515.0281273877998,-2.4,/Volumes/OffloadData/Jakob/Get3/2025-10-02_Get3_-80_617_2/2025-10-02_Get3_-80_617_2/Images-Disc1/GridSquare_1840815/Data/FoilHole_1846448_Data_1843869_1843871_20251002_105107.mrc,Atlas_1.mrc,/Volumes/OffloadData/Jakob/Get3/2025-10-02_Get3_-80_617_2,910.0,84.5,1.23,0.0,0.36633017659187317,ResNet10_512_0.2_full.pth
91,/Volumes/OffloadData/Jakob/Get3/2025-10-02_Get3_-80_617_2/2025-10-02_Get3_-80_617_2/Images-Disc1/GridSquare_1840815/Data/FoilHole_1846448_Data_1843873_1843875_20251002_105119.xml,299.51313785921946,512.6278620321779,-2.4,/Volumes/OffloadData/Jakob/Get3/2025-10-02_Get3_-80_617_2/2025-10-02_Get3_-80_617_2/Images-Disc1/GridSquare_1840815/Data/FoilHole_1846448_Data_1843873_1843875_20251002_105119.mrc,Atlas_1.mrc,/Volumes/OffloadData/Jakob/Get3/2025-10-02_Get3_-80_617_2,910.0,84.5,1.23,0.0,0.5576967000961304,ResNet10_512_0.2_full.pth
92,/Volumes/OffloadData/Jakob/Get3/2025-10-02_Get3_-80_617_2/2025-10-02_Get3_-80_617_2/Images-Disc1/GridSquare_1840815/Data/FoilHole_1846448_Data_1843878_1843880_20251002_105131.xml,297.31680543834335,513.843849500758,-2.4,/Volumes/OffloadData/Jakob/Get3/2025-10-02_Get3_-80_617_2/2025-10-02_Get3_-80_617_2/Images-Disc1/GridSquare_1840815/Data/FoilHole_1846448_Data_1843878_1843880_20251002_105131.mrc,Atlas_1.mrc,/Volumes/OffloadData/Jakob/Get3/2025-10-02_Get3_-80_617_2,910.0,84.5,1.23,0.0,0.4590248763561249,ResNet10_512_0.2_full.pth
93,/Volumes/OffloadData/Jakob/Get3/2025-10-02_Get3_-80_617_2/2025-10-02_Get3_-80_617_2/Images-Disc1/GridSquare_1840815/Data/FoilHole_1846454_Data_1843859_1843861_20251002_105245.xml,311.9161747206707,522.52614137615,-2.2,/Volumes/OffloadData/Jakob/Get3/2025-10-02_Get3_-80_617_2/2025-10-02_Get3_-80_617_2/Images-Disc1/GridSquare_1840815/Data/FoilHole_1846454_Data_1843859_1843861_20251002_105245.mrc,Atlas_1.mrc,/Volumes/OffloadData/Jakob/Get3/2025-10-02_Get3_-80_617_2,910.0,84.5,1.23,0.0,0.1917484849691391,ResNet10_512_0.2_full.pth
94,/Volumes/OffloadData/Jakob/Get3/2025-10-02_Get3_-80_617_2/2025-10-02_Get3_-80_617_2/Images-Disc1/GridSquare_1840815/Data/FoilHole_1846454_Data_1843864_1843866_20251002_105257.xml,311.626145382371,524.11978639417,-2.2,/Volumes/OffloadData/Jakob/Get3/2025-10-02_Get3_-80_617_2/2025-10-02_Get3_-80_617_2/Images-Disc1/GridSquare_1840815/Data/FoilHole_1846454_Data_1843864_1843866_20251002_105257.mrc,Atlas_1.mrc,/Volumes/OffloadData/Jakob/Get3/2025-10-02_Get3_-80_617_2,910.0,84.5,1.23,0.0,0.611309826374054,ResNet10_512_0.2_full.pth
95,/Volumes/OffloadData/Jakob/Get3/2025-10-02_Get3_-80_617_2/2025-10-02_Get3_-80_617_2/Images-Disc1/GridSquare_1840815/Data/FoilHole_1846454_Data_1843869_1843871_20251002_105309.xml,313.8167238835832,522.9645854830837,-2.2,/Volumes/OffloadData/Jakob/Get3/2025-10-02_Get3_-80_617_2/2025-10-02_Get3_-80_617_2/Images-Disc1/GridSquare_1840815/Data/FoilHole_1846454_Data_1843869_1843871_20251002_105309.mrc,Atlas_1.mrc,/Volumes/OffloadData/Jakob/Get3/2025-10-02_Get3_-80_617_2,910.0,84.5,1.23,0.0,0.3012969195842743,ResNet10_512_0.2_full.pth
96,/Volumes/OffloadData/Jakob/Get3/2025-10-02_Get3_-80_617_2/2025-10-02_Get3_-80_617_2/Images-Disc1/GridSquare_1840815/Data/FoilHole_1846454_Data_1843873_1843875_20251002_105321.xml,312.6635664803898,520.5643201328065,-2.2,/Volumes/OffloadData/Jakob/Get3/2025-10-02_Get3_-80_617_2/2025-10-02_Get3_-80_617_2/Images-Disc1/GridSquare_1840815/Data/FoilHole_1846454_Data_1843873_1843875_20251002_105321.mrc,Atlas_1.mrc,/Volumes/OffloadData/Jakob/Get3/2025-10-02_Get3_-80_617_2,910.0,84.5,1.23,0.0,0.5840897560119629,ResNet10_512_0.2_full.pth
97,/Volumes/OffloadData/Jakob/Get3/2025-10-02_Get3_-80_617_2/2025-10-02_Get3_-80_617_2/Images-Disc1/GridSquare_1840815/Data/FoilHole_1846454_Data_1843878_1843880_20251002_105333.xml,310.4672339493831,521.7803075985108,-2.2,/Volumes/OffloadData/Jakob/Get3/2025-10-02_Get3_-80_617_2/2025-10-02_Get3_-80_617_2/Images-Disc1/GridSquare_1840815/Data/FoilHole_1846454_Data_1843878_1843880_20251002_105333.mrc,Atlas_1.mrc,/Volumes/OffloadData/Jakob/Get3/2025-10-02_Get3_-80_617_2,910.0,84.5,1.23,0.0,0.152652308344841,ResNet10_512_0.2_full.pth
98,/Volumes/OffloadData/Jakob/Get3/2025-10-02_Get3_-80_617_2/2025-10-02_Get3_-80_617_2/Images-Disc1/GridSquare_1840815/Data/FoilHole_1846460_Data_1843859_1843861_20251002_105419.xml,314.7471349226163,515.4118357871089,-2.0,/Volumes/OffloadData/Jakob/Get3/2025-10-02_Get3_-80_617_2/2025-10-02_Get3_-80_617_2/Images-Disc1/GridSquare_1840815/Data/FoilHole_1846460_Data_1843859_1843861_20251002_105419.mrc,Atlas_1.mrc,/Volumes/OffloadData/Jakob/Get3/2025-10-02_Get3_-80_617_2,910.0,84.5,1.23,0.0,0.3170830011367798,ResNet10_512_0.2_full.pth
99,/Volumes/OffloadData/Jakob/Get3/2025-10-02_Get3_-80_617_2/2025-10-02_Get3_-80_617_2/Images-Disc1/GridSquare_1840815/Data/FoilHole_1846460_Data_1843864_1843866_20251002_105431.xml,314.45710556333216,517.0054808643874,-2.0,/Volumes/OffloadData/Jakob/Get3/2025-10-02_Get3_-80_617_2/2025-10-02_Get3_-80_617_2/Images-Disc1/GridSquare_1840815/Data/FoilHole_1846460_Data_1843864_1843866_20251002_105431.mrc,Atlas_1.mrc,/Volumes/OffloadData/Jakob/Get3/2025-10-02_Get3_-80_617_2,910.0,84.5,1.23,0.0,0.7136474847793579,ResNet10_512_0.2_full.pth
100,/Volumes/OffloadData/Jakob/Get3/2025-10-02_Get3_-80_617_2/2025-10-02_Get3_-80_617_2/Images-Disc1/GridSquare_1840815/Data/FoilHole_1846460_Data_1843869_1843871_20251002_105443.xml,316.647684134911,515.8502799115298,-2.0,/Volumes/OffloadData/Jakob/Get3/2025-10-02_Get3_-80_617_2/2025-10-02_Get3_-80_617_2/Images-Disc1/GridSquare_1840815/Data/FoilHole_1846460_Data_1843869_1843871_20251002_105443.mrc,Atlas_1.mrc,/Volumes/OffloadData/Jakob/Get3/2025-10-02_Get3_-80_617_2,910.0,84.5,1.23,0.0,0.3559192419052124,ResNet10_512_0.2_full.pth
101,/Volumes/OffloadData/Jakob/Get3/2025-10-02_Get3_-80_617_2/2025-10-02_Get3_-80_617_2/Images-Disc1/GridSquare_1840815/Data/FoilHole_1846460_Data_1843873_1843875_20251002_105454.xml,315.4945267074333,513.450014441504,-2.0,/Volumes/OffloadData/Jakob/Get3/2025-10-02_Get3_-80_617_2/2025-10-02_Get3_-80_617_2/Images-Disc1/GridSquare_1840815/Data/FoilHole_1846460_Data_1843873_1843875_20251002_105454.mrc,Atlas_1.mrc,/Volumes/OffloadData/Jakob/Get3/2025-10-02_Get3_-80_617_2,910.0,84.5,1.23,0.0,0.49386388063430786,ResNet10_512_0.2_full.pth
102,/Volumes/OffloadData/Jakob/Get3/2025-10-02_Get3_-80_617_2/2025-10-02_Get3_-80_617_2/Images-Disc1/GridSquare_1840815/Data/FoilHole_1846460_Data_1843878_1843880_20251002_105506.xml,313.2981941998365,514.6660020294261,-2.0,/Volumes/OffloadData/Jakob/Get3/2025-10-02_Get3_-80_617_2/2025-10-02_Get3_-80_617_2/Images-Disc1/GridSquare_1840815/Data/FoilHole_1846460_Data_1843878_1843880_20251002_105506.mrc,Atlas_1.mrc,/Volumes/OffloadData/Jakob/Get3/2025-10-02_Get3_-80_617_2,910.0,84.5,1.23,0.0,0.18105320632457733,ResNet10_512_0.2_full.pth
103,/Volumes/OffloadData/Jakob/Get3/2025-10-02_Get3_-80_617_2/2025-10-02_Get3_-80_617_2/Images-Disc1/GridSquare_1840815/Data/FoilHole_1846464_Data_1843859_1843861_20251002_105554.xml,317.514820148465,521.9868978243443,-1.8,/Volumes/OffloadData/Jakob/Get3/2025-10-02_Get3_-80_617_2/2025-10-02_Get3_-80_617_2/Images-Disc1/GridSquare_1840815/Data/FoilHole_1846464_Data_1843859_1843861_20251002_105554.mrc,Atlas_1.mrc,/Volumes/OffloadData/Jakob/Get3/2025-10-02_Get3_-80_617_2,910.0,84.5,1.23,0.0,0.6286351680755615,ResNet10_512_0.2_full.pth
104,/Volumes/OffloadData/Jakob/Get3/2025-10-02_Get3_-80_617_2/2025-10-02_Get3_-80_617_2/Images-Disc1/GridSquare_1840815/Data/FoilHole_1846464_Data_1843864_1843866_20251002_105606.xml,317.2247907891808,523.5805429016227,-1.8,/Volumes/OffloadData/Jakob/Get3/2025-10-02_Get3_-80_617_2/2025-10-02_Get3_-80_617_2/Images-Disc1/GridSquare_1840815/Data/FoilHole_1846464_Data_1843864_1843866_20251002_105606.mrc,Atlas_1.mrc,/Volumes/OffloadData/Jakob/Get3/2025-10-02_Get3_-80_617_2,910.0,84.5,1.23,0.0,0.8144548535346985,ResNet10_512_0.2_full.pth
105,/Volumes/OffloadData/Jakob/Get3/2025-10-02_Get3_-80_617_2/2025-10-02_Get3_-80_617_2/Images-Disc1/GridSquare_1840815/Data/FoilHole_1846464_Data_1843869_1843871_20251002_105618.xml,319.4153694281459,522.4253419781852,-1.8,/Volumes/OffloadData/Jakob/Get3/2025-10-02_Get3_-80_617_2/2025-10-02_Get3_-80_617_2/Images-Disc1/GridSquare_1840815/Data/FoilHole_1846464_Data_1843869_1843871_20251002_105618.mrc,Atlas_1.mrc,/Volumes/OffloadData/Jakob/Get3/2025-10-02_Get3_-80_617_2,910.0,84.5,1.23,0.0,0.32705190777778625,ResNet10_512_0.2_full.pth
106,/Volumes/OffloadData/Jakob/Get3/2025-10-02_Get3_-80_617_2/2025-10-02_Get3_-80_617_2/Images-Disc1/GridSquare_1840815/Data/FoilHole_1846464_Data_1843873_1843875_20251002_105630.xml,318.262211933282,520.0250764787393,-1.8,/Volumes/OffloadData/Jakob/Get3/2025-10-02_Get3_-80_617_2/2025-10-02_Get3_-80_617_2/Images-Disc1/GridSquare_1840815/Data/FoilHole_1846464_Data_1843873_1843875_20251002_105630.mrc,Atlas_1.mrc,/Volumes/OffloadData/Jakob/Get3/2025-10-02_Get3_-80_617_2,910.0,84.5,1.23,0.0,0.3495281934738159,ResNet10_512_0.2_full.pth
107,/Volumes/OffloadData/Jakob/Get3/2025-10-02_Get3_-80_617_2/2025-10-02_Get3_-80_617_2/Images-Disc1/GridSquare_1840815/Data/FoilHole_1846464_Data_1843878_1843880_20251002_105642.xml,316.0658793367975,521.2410640351845,-1.8,/Volumes/OffloadData/Jakob/Get3/2025-10-02_Get3_-80_617_2/2025-10-02_Get3_-80_617_2/Images-Disc1/GridSquare_1840815/Data/FoilHole_1846464_Data_1843878_1843880_20251002_105642.mrc,Atlas_1.mrc,/Volumes/OffloadData/Jakob/Get3/2025-10-02_Get3_-80_617_2,910.0,84.5,1.23,0.0,0.36805665493011475,ResNet10_512_0.2_full.pth
108,/Volumes/OffloadData/Jakob/Get3/2025-10-02_Get3_-80_617_2/2025-10-02_Get3_-80_617_2/Images-Disc1/GridSquare_1840815/Data/FoilHole_1846468_Data_1843859_1843861_20251002_105741.xml,321.2615638667922,512.5346485349818,-1.5999999999999999,/Volumes/OffloadData/Jakob/Get3/2025-10-02_Get3_-80_617_2/2025-10-02_Get3_-80_617_2/Images-Disc1/GridSquare_1840815/Data/FoilHole_1846468_Data_1843859_1843861_20251002_105741.mrc,Atlas_1.mrc,/Volumes/OffloadData/Jakob/Get3/2025-10-02_Get3_-80_617_2,910.0,84.5,1.23,0.0,0.8543338179588318,ResNet10_512_0.2_full.pth
109,/Volumes/OffloadData/Jakob/Get3/2025-10-02_Get3_-80_617_2/2025-10-02_Get3_-80_617_2/Images-Disc1/GridSquare_1840815/Data/FoilHole_1846468_Data_1843864_1843866_20251002_105753.xml,320.9715345151188,514.128293559381,-1.5999999999999999,/Volumes/OffloadData/Jakob/Get3/2025-10-02_Get3_-80_617_2/2025-10-02_Get3_-80_617_2/Images-Disc1/GridSquare_1840815/Data/FoilHole_1846468_Data_1843864_1843866_20251002_105753.mrc,Atlas_1.mrc,/Volumes/OffloadData/Jakob/Get3/2025-10-02_Get3_-80_617_2,910.0,84.5,1.23,0.0,0.5750718116760254,ResNet10_512_0.2_full.pth
110,/Volumes/OffloadData/Jakob/Get3/2025-10-02_Get3_-80_617_2/2025-10-02_Get3_-80_617_2/Images-Disc1/GridSquare_1840815/Data/FoilHole_1846468_Data_1843869_1843871_20251002_105805.xml,323.1621130808356,512.9730926544645,-1.5999999999999999,/Volumes/OffloadData/Jakob/Get3/2025-10-02_Get3_-80_617_2/2025-10-02_Get3_-80_617_2/Images-Disc1/GridSquare_1840815/Data/FoilHole_1846468_Data_1843869_1843871_20251002_105805.mrc,Atlas_1.mrc,/Volumes/OffloadData/Jakob/Get3/2025-10-02_Get3_-80_617_2,910.0,84.5,1.23,0.0,0.25135305523872375,ResNet10_512_0.2_full.pth
111,/Volumes/OffloadData/Jakob/Get3/2025-10-02_Get3_-80_617_2/2025-10-02_Get3_-80_617_2/Images-Disc1/GridSquare_1840815/Data/FoilHole_1846468_Data_1843873_1843875_20251002_105816.xml,322.00895561313763,510.57282729801744,-1.5999999999999999,/Volumes/OffloadData/Jakob/Get3/2025-10-02_Get3_-80_617_2/2025-10-02_Get3_-80_617_2/Images-Disc1/GridSquare_1840815/Data/FoilHole_1846468_Data_1843873_1843875_20251002_105816.mrc,Atlas_1.mrc,/Volumes/OffloadData/Jakob/Get3/2025-10-02_Get3_-80_617_2,910.0,84.5,1.23,0.0,0.4982669949531555,ResNet10_512_0.2_full.pth
112,/Volumes/OffloadData/Jakob/Get3/2025-10-02_Get3_-80_617_2/2025-10-02_Get3_-80_617_2/Images-Disc1/GridSquare_1840815/Data/FoilHole_1846468_Data_1843878_1843880_20251002_105828.xml,319.81262314576105,511.7888147723608,-1.5999999999999999,/Volumes/OffloadData/Jakob/Get3/2025-10-02_Get3_-80_617_2/2025-10-02_Get3_-80_617_2/Images-Disc1/GridSquare_1840815/Data/FoilHole_1846468_Data_1843878_1843880_20251002_105828.mrc,Atlas_1.mrc,/Volumes/OffloadData/Jakob/Get3/2025-10-02_Get3_-80_617_2,910.0,84.5,1.23,0.0,0.7123133540153503,ResNet10_512_0.2_full.pth
113,/Volumes/OffloadData/Jakob/Get3/2025-10-02_Get3_-80_617_2/2025-10-02_Get3_-80_617_2/Images-Disc1/GridSquare_1840825/Data/FoilHole_1844215_Data_1843859_1843861_20251002_102733.xml,299.24162700775,439.4887450599611,-2.4,/Volumes/OffloadData/Jakob/Get3/2025-10-02_Get3_-80_617_2/2025-10-02_Get3_-80_617_2/Images-Disc1/GridSquare_1840825/Data/FoilHole_1844215_Data_1843859_1843861_20251002_102733.mrc,Atlas_1.mrc,/Volumes/OffloadData/Jakob/Get3/2025-10-02_Get3_-80_617_2,910.0,84.5,1.23,0.0,0.5155317187309265,ResNet10_512_0.2_full.pth
114,/Volumes/OffloadData/Jakob/Get3/2025-10-02_Get3_-80_617_2/2025-10-02_Get3_-80_617_2/Images-Disc1/GridSquare_1840825/Data/FoilHole_1844215_Data_1843864_1843866_20251002_102745.xml,298.95159766368727,441.08239003148054,-2.4,/Volumes/OffloadData/Jakob/Get3/2025-10-02_Get3_-80_617_2/2025-10-02_Get3_-80_617_2/Images-Disc1/GridSquare_1840825/Data/FoilHole_1844215_Data_1843864_1843866_20251002_102745.mrc,Atlas_1.mrc,/Volumes/OffloadData/Jakob/Get3/2025-10-02_Get3_-80_617_2,910.0,84.5,1.23,0.0,0.6645313501358032,ResNet10_512_0.2_full.pth
115,/Volumes/OffloadData/Jakob/Get3/2025-10-02_Get3_-80_617_2/2025-10-02_Get3_-80_617_2/Images-Disc1/GridSquare_1840825/Data/FoilHole_1844215_Data_1843869_1843871_20251002_102757.xml,301.14217619460857,439.9271891934362,-2.4,/Volumes/OffloadData/Jakob/Get3/2025-10-02_Get3_-80_617_2/2025-10-02_Get3_-80_617_2/Images-Disc1/GridSquare_1840825/Data/FoilHole_1844215_Data_1843869_1843871_20251002_102757.mrc,Atlas_1.mrc,/Volumes/OffloadData/Jakob/Get3/2025-10-02_Get3_-80_617_2,910.0,84.5,1.23,0.0,0.35079464316368103,ResNet10_512_0.2_full.pth
116,/Volumes/OffloadData/Jakob/Get3/2025-10-02_Get3_-80_617_2/2025-10-02_Get3_-80_617_2/Images-Disc1/GridSquare_1840825/Data/FoilHole_1844215_Data_1843873_1843875_20251002_102809.xml,299.9890187617061,437.5269237701172,-2.4,/Volumes/OffloadData/Jakob/Get3/2025-10-02_Get3_-80_617_2/2025-10-02_Get3_-80_617_2/Images-Disc1/GridSquare_1840825/Data/FoilHole_1844215_Data_1843873_1843875_20251002_102809.mrc,Atlas_1.mrc,/Volumes/OffloadData/Jakob/Get3/2025-10-02_Get3_-80_617_2,910.0,84.5,1.23,0.0,0.42520102858543396,ResNet10_512_0.2_full.pth
117,/Volumes/OffloadData/Jakob/Get3/2025-10-02_Get3_-80_617_2/2025-10-02_Get3_-80_617_2/Images-Disc1/GridSquare_1840825/Data/FoilHole_1844215_Data_1843878_1843880_20251002_102821.xml,297.7926862608455,438.7429113076289,-2.4,/Volumes/OffloadData/Jakob/Get3/2025-10-02_Get3_-80_617_2/2025-10-02_Get3_-80_617_2/Images-Disc1/GridSquare_1840825/Data/FoilHole_1844215_Data_1843878_1843880_20251002_102821.mrc,Atlas_1.mrc,/Volumes/OffloadData/Jakob/Get3/2025-10-02_Get3_-80_617_2,910.0,84.5,1.23,0.0,0.2181803286075592,ResNet10_512_0.2_full.pth
118,/Volumes/OffloadData/Jakob/Get3/2025-10-02_Get3_-80_617_2/2025-10-02_Get3_-80_617_2/Images-Disc1/GridSquare_1840825/Data/FoilHole_1844218_Data_1843859_1843861_20251002_102912.xml,296.3981961352404,446.5081615471206,-2.2,/Volumes/OffloadData/Jakob/Get3/2025-10-02_Get3_-80_617_2/2025-10-02_Get3_-80_617_2/Images-Disc1/GridSquare_1840825/Data/FoilHole_1844218_Data_1843859_1843861_20251002_102912.mrc,Atlas_1.mrc,/Volumes/OffloadData/Jakob/Get3/2025-10-02_Get3_-80_617_2,910.0,84.5,1.23,0.0,0.8669212460517883,ResNet10_512_0.2_full.pth
119,/Volumes/OffloadData/Jakob/Get3/2025-10-02_Get3_-80_617_2/2025-10-02_Get3_-80_617_2/Images-Disc1/GridSquare_1840825/Data/FoilHole_1844218_Data_1843864_1843866_20251002_102924.xml,296.10816677430927,448.101806601586,-2.2,/Volumes/OffloadData/Jakob/Get3/2025-10-02_Get3_-80_617_2/2025-10-02_Get3_-80_617_2/Images-Disc1/GridSquare_1840825/Data/FoilHole_1844218_Data_1843864_1843866_20251002_102924.mrc,Atlas_1.mrc,/Volumes/OffloadData/Jakob/Get3/2025-10-02_Get3_-80_617_2,910.0,84.5,1.23,0.0,0.6000802516937256,ResNet10_512_0.2_full.pth
120,/Volumes/OffloadData/Jakob/Get3/2025-10-02_Get3_-80_617_2/2025-10-02_Get3_-80_617_2/Images-Disc1/GridSquare_1840825/Data/FoilHole_1844218_Data_1843869_1843871_20251002_102936.xml,298.298745362479,446.9466056921164,-2.2,/Volumes/OffloadData/Jakob/Get3/2025-10-02_Get3_-80_617_2/2025-10-02_Get3_-80_617_2/Images-Disc1/GridSquare_1840825/Data/FoilHole_1844218_Data_1843869_1843871_20251002_102936.mrc,Atlas_1.mrc,/Volumes/OffloadData/Jakob/Get3/2025-10-02_Get3_-80_617_2,910.0,84.5,1.23,0.0,0.4045374393463135,ResNet10_512_0.2_full.pth
121,/Volumes/OffloadData/Jakob/Get3/2025-10-02_Get3_-80_617_2/2025-10-02_Get3_-80_617_2/Images-Disc1/GridSquare_1840825/Data/FoilHole_1844218_Data_1843873_1843875_20251002_102947.xml,297.14558786121717,444.5463403362881,-2.2,/Volumes/OffloadData/Jakob/Get3/2025-10-02_Get3_-80_617_2/2025-10-02_Get3_-80_617_2/Images-Disc1/GridSquare_1840825/Data/FoilHole_1844218_Data_1843873_1843875_20251002_102947.mrc,Atlas_1.mrc,/Volumes/OffloadData/Jakob/Get3/2025-10-02_Get3_-80_617_2,910.0,84.5,1.23,0.0,0.508537769317627,ResNet10_512_0.2_full.pth
122,/Volumes/OffloadData/Jakob/Get3/2025-10-02_Get3_-80_617_2/2025-10-02_Get3_-80_617_2/Images-Disc1/GridSquare_1840825/Data/FoilHole_1844218_Data_1843878_1843880_20251002_102959.xml,294.94925542915314,445.76232780507445,-2.2,/Volumes/OffloadData/Jakob/Get3/2025-10-02_Get3_-80_617_2/2025-10-02_Get3_-80_617_2/Images-Disc1/GridSquare_1840825/Data/FoilHole_1844218_Data_1843878_1843880_20251002_102959.mrc,Atlas_1.mrc,/Volumes/OffloadData/Jakob/Get3/2025-10-02_Get3_-80_617_2,910.0,84.5,1.23,0.0,0.22521503269672394,ResNet10_512_0.2_full.pth
123,/Volumes/OffloadData/Jakob/Get3/2025-10-02_Get3_-80_617_2/2025-10-02_Get3_-80_617_2/Images-Disc1/GridSquare_1840825/Data/FoilHole_1844223_Data_1843859_1843861_20251002_103113.xml,277.270709391083,447.2088886039777,-2.0,/Volumes/OffloadData/Jakob/Get3/2025-10-02_Get3_-80_617_2/2025-10-02_Get3_-80_617_2/Images-Disc1/GridSquare_1840825/Data/FoilHole_1844223_Data_1843859_1843861_20251002_103113.mrc,Atlas_1.mrc,/Volumes/OffloadData/Jakob/Get3/2025-10-02_Get3_-80_617_2,910.0,84.5,1.23,0.0,0.9227501153945923,ResNet10_512_0.2_full.pth
124,/Volumes/OffloadData/Jakob/Get3/2025-10-02_Get3_-80_617_2/2025-10-02_Get3_-80_617_2/Images-Disc1/GridSquare_1840825/Data/FoilHole_1844223_Data_1843864_1843866_20251002_103125.xml,276.9806800597782,448.80253360224486,-2.0,/Volumes/OffloadData/Jakob/Get3/2025-10-02_Get3_-80_617_2/2025-10-02_Get3_-80_617_2/Images-Disc1/GridSquare_1840825/Data/FoilHole_1844223_Data_1843864_1843866_20251002_103125.mrc,Atlas_1.mrc,/Volumes/OffloadData/Jakob/Get3/2025-10-02_Get3_-80_617_2,910.0,84.5,1.23,0.0,0.8342795968055725,ResNet10_512_0.2_full.pth
125,/Volumes/OffloadData/Jakob/Get3/2025-10-02_Get3_-80_617_2/2025-10-02_Get3_-80_617_2/Images-Disc1/GridSquare_1840825/Data/FoilHole_1844223_Data_1843869_1843871_20251002_103137.xml,279.1712586698894,447.6473327602878,-2.0,/Volumes/OffloadData/Jakob/Get3/2025-10-02_Get3_-80_617_2/2025-10-02_Get3_-80_617_2/Images-Disc1/GridSquare_1840825/Data/FoilHole_1844223_Data_1843869_1843871_20251002_103137.mrc,Atlas_1.mrc,/Volumes/OffloadData/Jakob/Get3/2025-10-02_Get3_-80_617_2,910.0,84.5,1.23,0.0,0.2859392464160919,ResNet10_512_0.2_full.pth
126,/Volumes/OffloadData/Jakob/Get3/2025-10-02_Get3_-80_617_2/2025-10-02_Get3_-80_617_2/Images-Disc1/GridSquare_1840825/Data/FoilHole_1844223_Data_1843873_1843875_20251002_103149.xml,278.01810115779705,445.24706734088153,-2.0,/Volumes/OffloadData/Jakob/Get3/2025-10-02_Get3_-80_617_2/2025-10-02_Get3_-80_617_2/Images-Disc1/GridSquare_1840825/Data/FoilHole_1844223_Data_1843873_1843875_20251002_103149.mrc,Atlas_1.mrc,/Volumes/OffloadData/Jakob/Get3/2025-10-02_Get3_-80_617_2,910.0,84.5,1.23,0.0,0.6300219297409058,ResNet10_512_0.2_full.pth
127,/Volumes/OffloadData/Jakob/Get3/2025-10-02_Get3_-80_617_2/2025-10-02_Get3_-80_617_2/Images-Disc1/GridSquare_1840825/Data/FoilHole_1844223_Data_1843878_1843880_20251002_103201.xml,275.821768578541,446.4630548172872,-2.0,/Volumes/OffloadData/Jakob/Get3/2025-10-02_Get3_-80_617_2/2025-10-02_Get3_-80_617_2/Images-Disc1/GridSquare_1840825/Data/FoilHole_1844223_Data_1843878_1843880_20251002_103201.mrc,Atlas_1.mrc,/Volumes/OffloadData/Jakob/Get3/2025-10-02_Get3_-80_617_2,910.0,84.5,1.23,0.0,0.49459218978881836,ResNet10_512_0.2_full.pth
128,/Volumes/OffloadData/Jakob/Get3/2025-10-02_Get3_-80_617_2/2025-10-02_Get3_-80_617_2/Images-Disc1/GridSquare_1840825/Data/FoilHole_1844227_Data_1843859_1843861_20251002_103316.xml,272.6559643410778,431.5658902644595,-1.8,/Volumes/OffloadData/Jakob/Get3/2025-10-02_Get3_-80_617_2/2025-10-02_Get3_-80_617_2/Images-Disc1/GridSquare_1840825/Data/FoilHole_1844227_Data_1843859_1843861_20251002_103316.mrc,Atlas_1.mrc,/Volumes/OffloadData/Jakob/Get3/2025-10-02_Get3_-80_617_2,910.0,84.5,1.23,0.0,0.8560100197792053,ResNet10_512_0.2_full.pth
129,/Volumes/OffloadData/Jakob/Get3/2025-10-02_Get3_-80_617_2/2025-10-02_Get3_-80_617_2/Images-Disc1/GridSquare_1840825/Data/FoilHole_1844227_Data_1843864_1843866_20251002_103328.xml,272.3659349957833,433.1595353022323,-1.8,/Volumes/OffloadData/Jakob/Get3/2025-10-02_Get3_-80_617_2/2025-10-02_Get3_-80_617_2/Images-Disc1/GridSquare_1840825/Data/FoilHole_1844227_Data_1843864_1843866_20251002_103328.mrc,Atlas_1.mrc,/Volumes/OffloadData/Jakob/Get3/2025-10-02_Get3_-80_617_2,910.0,84.5,1.23,0.0,0.6882946491241455,ResNet10_512_0.2_full.pth
130,/Volumes/OffloadData/Jakob/Get3/2025-10-02_Get3_-80_617_2/2025-10-02_Get3_-80_617_2/Images-Disc1/GridSquare_1840825/Data/FoilHole_1844227_Data_1843869_1843871_20251002_103339.xml,274.55651358938064,432.00433441274646,-1.8,/Volumes/OffloadData/Jakob/Get3/2025-10-02_Get3_-80_617_2/2025-10-02_Get3_-80_617_2/Images-Disc1/GridSquare_1840825/Data/FoilHole_1844227_Data_1843869_1843871_20251002_103339.mrc,Atlas_1.mrc,/Volumes/OffloadData/Jakob/Get3/2025-10-02_Get3_-80_617_2,910.0,84.5,1.23,0.0,0.425497829914093,ResNet10_512_0.2_full.pth
131,/Volumes/OffloadData/Jakob/Get3/2025-10-02_Get3_-80_617_2/2025-10-02_Get3_-80_617_2/Images-Disc1/GridSquare_1840825/Data/FoilHole_1844227_Data_1843873_1843875_20251002_103351.xml,273.40335609380213,429.60406904086904,-1.8,/Volumes/OffloadData/Jakob/Get3/2025-10-02_Get3_-80_617_2/2025-10-02_Get3_-80_617_2/Images-Disc1/GridSquare_1840825/Data/FoilHole_1844227_Data_1843873_1843875_20251002_103351.mrc,Atlas_1.mrc,/Volumes/OffloadData/Jakob/Get3/2025-10-02_Get3_-80_617_2,910.0,84.5,1.23,0.0,0.45416831970214844,ResNet10_512_0.2_full.pth
132,/Volumes/OffloadData/Jakob/Get3/2025-10-02_Get3_-80_617_2/2025-10-02_Get3_-80_617_2/Images-Disc1/GridSquare_1840825/Data/FoilHole_1844227_Data_1843878_1843880_20251002_103403.xml,271.20702365605484,430.82005652570456,-1.8,/Volumes/OffloadData/Jakob/Get3/2025-10-02_Get3_-80_617_2/2025-10-02_Get3_-80_617_2/Images-Disc1/GridSquare_1840825/Data/FoilHole_1844227_Data_1843878_1843880_20251002_103403.mrc,Atlas_1.mrc,/Volumes/OffloadData/Jakob/Get3/2025-10-02_Get3_-80_617_2,910.0,84.5,1.23,0.0,0.7671708464622498,ResNet10_512_0.2_full.pth
